accession	description	coverage	peptide_count	unique_peptide_count
sp|Q9BRT9|SLD5_HUMAN	sp|Q9BRT9|SLD5_HUMAN DNA replication complex GINS protein SLD5 OS=Homo sapiens OX=9606 GN=GINS4 PE=1 SV=1	0.0628	1	1
sp|Q9HAU0|PKHA5_HUMAN	sp|Q9HAU0|PKHA5_HUMAN Pleckstrin homology domain-containing family A member 5 OS=Homo sapiens OX=9606 GN=PLEKHA5 PE=1 SV=1	0.0170	1	1
sp|Q8IXI2|MIRO1_HUMAN	sp|Q8IXI2|MIRO1_HUMAN Mitochondrial Rho GTPase 1 OS=Homo sapiens OX=9606 GN=RHOT1 PE=1 SV=2	0.0307	1	1
sp|P10828|THB_HUMAN	sp|P10828|THB_HUMAN Thyroid hormone receptor beta OS=Homo sapiens OX=9606 GN=THRB PE=1 SV=2	0.0369	1	1
sp|Q9UI12|VATH_HUMAN	sp|Q9UI12|VATH_HUMAN V-type proton ATPase subunit H OS=Homo sapiens OX=9606 GN=ATP6V1H PE=1 SV=1	0.0290	1	1
sp|Q8IZU9|KIRR3_HUMAN	sp|Q8IZU9|KIRR3_HUMAN Kin of IRRE-like protein 3 OS=Homo sapiens OX=9606 GN=KIRREL3 PE=1 SV=1	0.0296	1	1
sp|A8MYV0|DCD2C_HUMAN	sp|A8MYV0|DCD2C_HUMAN Doublecortin domain-containing protein 2C OS=Homo sapiens OX=9606 GN=DCDC2C PE=1 SV=4	0.0495	1	1
sp|Q5H9U9|DDX6L_HUMAN	sp|Q5H9U9|DDX6L_HUMAN Probable ATP-dependent RNA helicase DDX60-like OS=Homo sapiens OX=9606 GN=DDX60L PE=1 SV=3	0.0088	1	1
sp|O75901|RASF9_HUMAN	sp|O75901|RASF9_HUMAN Ras association domain-containing protein 9 OS=Homo sapiens OX=9606 GN=RASSF9 PE=1 SV=2	0.0345	1	1
sp|Q8IZD9|DOCK3_HUMAN	sp|Q8IZD9|DOCK3_HUMAN Dedicator of cytokinesis protein 3 OS=Homo sapiens OX=9606 GN=DOCK3 PE=1 SV=1	0.0069	1	1
sp|Q8N6M0|OTU6B_HUMAN	sp|Q8N6M0|OTU6B_HUMAN Deubiquitinase OTUD6B OS=Homo sapiens OX=9606 GN=OTUD6B PE=1 SV=1	0.0546	1	1
sp|Q96A26|F162A_HUMAN	sp|Q96A26|F162A_HUMAN Protein FAM162A OS=Homo sapiens OX=9606 GN=FAM162A PE=1 SV=2	0.1039	1	1
sp|Q9BYV8|CEP41_HUMAN	sp|Q9BYV8|CEP41_HUMAN Centrosomal protein of 41 kDa OS=Homo sapiens OX=9606 GN=CEP41 PE=1 SV=1	0.0590	1	1
sp|Q14997|PSME4_HUMAN	sp|Q14997|PSME4_HUMAN Proteasome activator complex subunit 4 OS=Homo sapiens OX=9606 GN=PSME4 PE=1 SV=2	0.0081	1	1
sp|Q63HM9|PLCX3_HUMAN	sp|Q63HM9|PLCX3_HUMAN PI-PLC X domain-containing protein 3 OS=Homo sapiens OX=9606 GN=PLCXD3 PE=1 SV=2	0.0467	1	1
sp|Q9UBB9|TFP11_HUMAN	sp|Q9UBB9|TFP11_HUMAN Tuftelin-interacting protein 11 OS=Homo sapiens OX=9606 GN=TFIP11 PE=1 SV=1	0.0167	1	1
sp|Q7Z3K3|POGZ_HUMAN	sp|Q7Z3K3|POGZ_HUMAN Pogo transposable element with ZNF domain OS=Homo sapiens OX=9606 GN=POGZ PE=1 SV=2	0.0113	1	1
sp|P49327|FAS_HUMAN	sp|P49327|FAS_HUMAN Fatty acid synthase OS=Homo sapiens OX=9606 GN=FASN PE=1 SV=3	0.0060	1	1
sp|Q9H329|E41LB_HUMAN	sp|Q9H329|E41LB_HUMAN Band 4.1-like protein 4B OS=Homo sapiens OX=9606 GN=EPB41L4B PE=1 SV=2	0.0167	1	1
sp|Q9Y5H5|PCDA9_HUMAN	sp|Q9Y5H5|PCDA9_HUMAN Protocadherin alpha-9 OS=Homo sapiens OX=9606 GN=PCDHA9 PE=2 SV=1	0.0179	1	1
sp|Q12768|WASC5_HUMAN	sp|Q12768|WASC5_HUMAN WASH complex subunit 5 OS=Homo sapiens OX=9606 GN=WASHC5 PE=1 SV=1	0.0129	1	1
sp|Q6ZP82|CC141_HUMAN	sp|Q6ZP82|CC141_HUMAN Coiled-coil domain-containing protein 141 OS=Homo sapiens OX=9606 GN=CCDC141 PE=1 SV=3	0.0216	2	2
sp|Q9BXX0|EMIL2_HUMAN	sp|Q9BXX0|EMIL2_HUMAN EMILIN-2 OS=Homo sapiens OX=9606 GN=EMILIN2 PE=1 SV=3	0.0123	1	1
sp|Q86UE4|LYRIC_HUMAN	sp|Q86UE4|LYRIC_HUMAN Protein LYRIC OS=Homo sapiens OX=9606 GN=MTDH PE=1 SV=2	0.0309	1	1
sp|Q96PD2|DCBD2_HUMAN	sp|Q96PD2|DCBD2_HUMAN Discoidin, CUB and LCCL domain-containing protein 2 OS=Homo sapiens OX=9606 GN=DCBLD2 PE=1 SV=1	0.0206	1	1
sp|Q13637|RAB32_HUMAN	sp|Q13637|RAB32_HUMAN Ras-related protein Rab-32 OS=Homo sapiens OX=9606 GN=RAB32 PE=1 SV=3	0.0667	1	1
sp|Q13107|UBP4_HUMAN	sp|Q13107|UBP4_HUMAN Ubiquitin carboxyl-terminal hydrolase 4 OS=Homo sapiens OX=9606 GN=USP4 PE=1 SV=3	0.0187	1	1
sp|Q8TC05|MDM1_HUMAN	sp|Q8TC05|MDM1_HUMAN Nuclear protein MDM1 OS=Homo sapiens OX=9606 GN=MDM1 PE=1 SV=2	0.0210	1	1
sp|Q6PCB5|RSBNL_HUMAN	sp|Q6PCB5|RSBNL_HUMAN Lysine-specific demethylase RSBN1L OS=Homo sapiens OX=9606 GN=RSBN1L PE=1 SV=2	0.0201	1	1
sp|Q9BXT4|TDRD1_HUMAN	sp|Q9BXT4|TDRD1_HUMAN Tudor domain-containing protein 1 OS=Homo sapiens OX=9606 GN=TDRD1 PE=1 SV=2	0.0144	1	1
sp|Q9UJX5|APC4_HUMAN	sp|Q9UJX5|APC4_HUMAN Anaphase-promoting complex subunit 4 OS=Homo sapiens OX=9606 GN=ANAPC4 PE=1 SV=2	0.0210	1	1
sp|Q07954|LRP1_HUMAN	sp|Q07954|LRP1_HUMAN Prolow-density lipoprotein receptor-related protein 1 OS=Homo sapiens OX=9606 GN=LRP1 PE=1 SV=2	0.0033	1	1
sp|Q2MV58|TECT1_HUMAN	sp|Q2MV58|TECT1_HUMAN Tectonic-1 OS=Homo sapiens OX=9606 GN=TCTN1 PE=1 SV=2	0.0256	1	1
sp|P13489|RINI_HUMAN	sp|P13489|RINI_HUMAN Ribonuclease inhibitor OS=Homo sapiens OX=9606 GN=RNH1 PE=1 SV=2	0.0369	1	1
sp|Q9UMX2|OAZ3_HUMAN	sp|Q9UMX2|OAZ3_HUMAN Ornithine decarboxylase antizyme 3 OS=Homo sapiens OX=9606 GN=OAZ3 PE=1 SV=2	0.0723	1	1
sp|Q9BXJ2|C1QT7_HUMAN	sp|Q9BXJ2|C1QT7_HUMAN Complement C1q tumor necrosis factor-related protein 7 OS=Homo sapiens OX=9606 GN=C1QTNF7 PE=1 SV=1	0.0519	1	1
sp|Q16643|DREB_HUMAN	sp|Q16643|DREB_HUMAN Drebrin OS=Homo sapiens OX=9606 GN=DBN1 PE=1 SV=4	0.0308	1	1
sp|Q9P286|PAK5_HUMAN	sp|Q9P286|PAK5_HUMAN Serine/threonine-protein kinase PAK 5 OS=Homo sapiens OX=9606 GN=PAK5 PE=1 SV=1	0.0223	1	1
sp|Q9UNF0|PACN2_HUMAN	sp|Q9UNF0|PACN2_HUMAN Protein kinase C and casein kinase substrate in neurons protein 2 OS=Homo sapiens OX=9606 GN=PACSIN2 PE=1 SV=2	0.0267	1	1
sp|Q86Y91|KI18B_HUMAN	sp|Q86Y91|KI18B_HUMAN Kinesin-like protein KIF18B OS=Homo sapiens OX=9606 GN=KIF18B PE=1 SV=4	0.0188	1	1
sp|O75475|PSIP1_HUMAN	sp|O75475|PSIP1_HUMAN PC4 and SFRS1-interacting protein OS=Homo sapiens OX=9606 GN=PSIP1 PE=1 SV=1	0.0302	1	1
sp|Q58DX5|NADL2_HUMAN	sp|Q58DX5|NADL2_HUMAN Inactive N-acetylated-alpha-linked acidic dipeptidase-like protein 2 OS=Homo sapiens OX=9606 GN=NAALADL2 PE=1 SV=3	0.0214	1	1
sp|Q9Y263|PLAP_HUMAN	sp|Q9Y263|PLAP_HUMAN Phospholipase A-2-activating protein OS=Homo sapiens OX=9606 GN=PLAA PE=1 SV=2	0.0189	1	1
sp|O94759|TRPM2_HUMAN	sp|O94759|TRPM2_HUMAN Transient receptor potential cation channel subfamily M member 2 OS=Homo sapiens OX=9606 GN=TRPM2 PE=1 SV=2	0.0113	1	1
sp|A3KMH1|VWA8_HUMAN	sp|A3KMH1|VWA8_HUMAN von Willebrand factor A domain-containing protein 8 OS=Homo sapiens OX=9606 GN=VWA8 PE=1 SV=2	0.0089	1	1
sp|O00423|EMAL1_HUMAN	sp|O00423|EMAL1_HUMAN Echinoderm microtubule-associated protein-like 1 OS=Homo sapiens OX=9606 GN=EML1 PE=1 SV=3	0.0184	1	1
sp|Q96JN0|LCOR_HUMAN	sp|Q96JN0|LCOR_HUMAN Ligand-dependent corepressor OS=Homo sapiens OX=9606 GN=LCOR PE=1 SV=2	0.0416	1	1
sp|Q2YD98|UVSSA_HUMAN	sp|Q2YD98|UVSSA_HUMAN UV-stimulated scaffold protein A OS=Homo sapiens OX=9606 GN=UVSSA PE=1 SV=2	0.0197	1	1
sp|Q9BXL6|CAR14_HUMAN	sp|Q9BXL6|CAR14_HUMAN Caspase recruitment domain-containing protein 14 OS=Homo sapiens OX=9606 GN=CARD14 PE=1 SV=2	0.0139	1	1
sp|O75325|LRRN2_HUMAN	sp|O75325|LRRN2_HUMAN Leucine-rich repeat neuronal protein 2 OS=Homo sapiens OX=9606 GN=LRRN2 PE=1 SV=2	0.0224	1	1
sp|Q8N1W2|ZN710_HUMAN	sp|Q8N1W2|ZN710_HUMAN Zinc finger protein 710 OS=Homo sapiens OX=9606 GN=ZNF710 PE=1 SV=2	0.0271	1	1
sp|Q5PSV4|BRM1L_HUMAN	sp|Q5PSV4|BRM1L_HUMAN Breast cancer metastasis-suppressor 1-like protein OS=Homo sapiens OX=9606 GN=BRMS1L PE=1 SV=2	0.0495	1	1
sp|Q8IY21|DDX60_HUMAN	sp|Q8IY21|DDX60_HUMAN Probable ATP-dependent RNA helicase DDX60 OS=Homo sapiens OX=9606 GN=DDX60 PE=1 SV=3	0.0099	1	1
sp|Q5T200|ZC3HD_HUMAN	sp|Q5T200|ZC3HD_HUMAN Zinc finger CCCH domain-containing protein 13 OS=Homo sapiens OX=9606 GN=ZC3H13 PE=1 SV=1	0.0198	2	2
sp|O00238|BMR1B_HUMAN	sp|O00238|BMR1B_HUMAN Bone morphogenetic protein receptor type-1B OS=Homo sapiens OX=9606 GN=BMPR1B PE=1 SV=1	0.0319	1	1
sp|Q2WGJ9|FR1L6_HUMAN	sp|Q2WGJ9|FR1L6_HUMAN Fer-1-like protein 6 OS=Homo sapiens OX=9606 GN=FER1L6 PE=1 SV=2	0.0097	1	1
sp|A8MU46|SMTL1_HUMAN	sp|A8MU46|SMTL1_HUMAN Smoothelin-like protein 1 OS=Homo sapiens OX=9606 GN=SMTNL1 PE=1 SV=2	0.0405	1	1
sp|Q86UU0|BCL9L_HUMAN	sp|Q86UU0|BCL9L_HUMAN B-cell CLL/lymphoma 9-like protein OS=Homo sapiens OX=9606 GN=BCL9L PE=1 SV=1	0.0120	1	1
sp|Q8TF46|DI3L1_HUMAN	sp|Q8TF46|DI3L1_HUMAN DIS3-like exonuclease 1 OS=Homo sapiens OX=9606 GN=DIS3L PE=1 SV=2	0.0180	1	1
sp|Q9P0K1|ADA22_HUMAN	sp|Q9P0K1|ADA22_HUMAN Disintegrin and metalloproteinase domain-containing protein 22 OS=Homo sapiens OX=9606 GN=ADAM22 PE=1 SV=1	0.0188	1	1
sp|Q9HCJ2|LRC4C_HUMAN	sp|Q9HCJ2|LRC4C_HUMAN Leucine-rich repeat-containing protein 4C OS=Homo sapiens OX=9606 GN=LRRC4C PE=1 SV=1	0.0312	1	1
sp|A6NC98|CC88B_HUMAN	sp|A6NC98|CC88B_HUMAN Coiled-coil domain-containing protein 88B OS=Homo sapiens OX=9606 GN=CCDC88B PE=1 SV=1	0.0115	1	1
sp|Q9Y3R5|DOP1B_HUMAN	sp|Q9Y3R5|DOP1B_HUMAN Protein DOP1B OS=Homo sapiens OX=9606 GN=DOP1B PE=1 SV=5	0.0074	1	1
sp|Q8IYA8|IHO1_HUMAN	sp|Q8IYA8|IHO1_HUMAN Interactor of HORMAD1 protein 1 OS=Homo sapiens OX=9606 GN=IHO1 PE=1 SV=2	0.0236	1	1
sp|P49368|TCPG_HUMAN	sp|P49368|TCPG_HUMAN T-complex protein 1 subunit gamma OS=Homo sapiens OX=9606 GN=CCT3 PE=1 SV=4	0.0312	1	1
sp|Q8WVM8|SCFD1_HUMAN	sp|Q8WVM8|SCFD1_HUMAN Sec1 family domain-containing protein 1 OS=Homo sapiens OX=9606 GN=SCFD1 PE=1 SV=4	0.0265	1	1
sp|O75886|STAM2_HUMAN	sp|O75886|STAM2_HUMAN Signal transducing adapter molecule 2 OS=Homo sapiens OX=9606 GN=STAM2 PE=1 SV=1	0.0324	1	1
sp|Q13635|PTC1_HUMAN	sp|Q13635|PTC1_HUMAN Protein patched homolog 1 OS=Homo sapiens OX=9606 GN=PTCH1 PE=1 SV=2	0.0111	1	1
sp|Q86SP6|GP149_HUMAN	sp|Q86SP6|GP149_HUMAN Probable G-protein coupled receptor 149 OS=Homo sapiens OX=9606 GN=GPR149 PE=1 SV=2	0.0260	1	1
sp|Q9NYC9|DYH9_HUMAN	sp|Q9NYC9|DYH9_HUMAN Dynein axonemal heavy chain 9 OS=Homo sapiens OX=9606 GN=DNAH9 PE=1 SV=3	0.0040	1	1
sp|Q6NWY9|PR40B_HUMAN	sp|Q6NWY9|PR40B_HUMAN Pre-mRNA-processing factor 40 homolog B OS=Homo sapiens OX=9606 GN=PRPF40B PE=1 SV=1	0.0172	1	1
sp|Q9Y661|HS3S4_HUMAN	sp|Q9Y661|HS3S4_HUMAN Heparan sulfate glucosamine 3-O-sulfotransferase 4 OS=Homo sapiens OX=9606 GN=HS3ST4 PE=1 SV=3	0.0373	1	1
sp|Q02224|CENPE_HUMAN	sp|Q02224|CENPE_HUMAN Centromere-associated protein E OS=Homo sapiens OX=9606 GN=CENPE PE=1 SV=2	0.0104	2	2
sp|Q9NRW7|VPS45_HUMAN	sp|Q9NRW7|VPS45_HUMAN Vacuolar protein sorting-associated protein 45 OS=Homo sapiens OX=9606 GN=VPS45 PE=1 SV=1	0.0246	1	1
sp|P15621|ZNF44_HUMAN	sp|P15621|ZNF44_HUMAN Zinc finger protein 44 OS=Homo sapiens OX=9606 GN=ZNF44 PE=1 SV=3	0.0271	1	1
sp|O94827|PKHG5_HUMAN	sp|O94827|PKHG5_HUMAN Pleckstrin homology domain-containing family G member 5 OS=Homo sapiens OX=9606 GN=PLEKHG5 PE=1 SV=4	0.0149	1	1
sp|Q9C0I4|THS7B_HUMAN	sp|Q9C0I4|THS7B_HUMAN Thrombospondin type-1 domain-containing protein 7B OS=Homo sapiens OX=9606 GN=THSD7B PE=1 SV=3	0.0106	1	1
sp|Q96S44|PRPK_HUMAN	sp|Q96S44|PRPK_HUMAN EKC/KEOPS complex subunit TP53RK OS=Homo sapiens OX=9606 GN=TP53RK PE=1 SV=2	0.0830	1	1
sp|Q8WUA7|TB22A_HUMAN	sp|Q8WUA7|TB22A_HUMAN TBC1 domain family member 22A OS=Homo sapiens OX=9606 GN=TBC1D22A PE=1 SV=2	0.0290	1	1
sp|Q9BU40|CRDL1_HUMAN	sp|Q9BU40|CRDL1_HUMAN Chordin-like protein 1 OS=Homo sapiens OX=9606 GN=CHRDL1 PE=1 SV=2	0.0307	1	1
sp|P10071|GLI3_HUMAN	sp|P10071|GLI3_HUMAN Transcriptional activator GLI3 OS=Homo sapiens OX=9606 GN=GLI3 PE=1 SV=6	0.0114	1	1
sp|Q5VST9|OBSCN_HUMAN	sp|Q5VST9|OBSCN_HUMAN Obscurin OS=Homo sapiens OX=9606 GN=OBSCN PE=1 SV=4	0.0024	1	1
sp|Q96RY5|CRML_HUMAN	sp|Q96RY5|CRML_HUMAN Protein cramped-like OS=Homo sapiens OX=9606 GN=CRAMP1 PE=1 SV=3	0.0197	1	1
sp|Q9HAU5|RENT2_HUMAN	sp|Q9HAU5|RENT2_HUMAN Regulator of nonsense transcripts 2 OS=Homo sapiens OX=9606 GN=UPF2 PE=1 SV=1	0.0149	1	1
sp|Q8ND82|Z280C_HUMAN	sp|Q8ND82|Z280C_HUMAN Zinc finger protein 280C OS=Homo sapiens OX=9606 GN=ZNF280C PE=1 SV=1	0.0448	2	2
sp|Q9Y4I1|MYO5A_HUMAN	sp|Q9Y4I1|MYO5A_HUMAN Unconventional myosin-Va OS=Homo sapiens OX=9606 GN=MYO5A PE=1 SV=2	0.0081	1	1
sp|Q9Y5X2|SNX8_HUMAN	sp|Q9Y5X2|SNX8_HUMAN Sorting nexin-8 OS=Homo sapiens OX=9606 GN=SNX8 PE=1 SV=1	0.0387	1	1
sp|Q9UJA5|TRM6_HUMAN	sp|Q9UJA5|TRM6_HUMAN tRNA (adenine(58)-N(1))-methyltransferase non-catalytic subunit TRM6 OS=Homo sapiens OX=9606 GN=TRMT6 PE=1 SV=1	0.0342	1	1
sp|P05155|IC1_HUMAN	sp|P05155|IC1_HUMAN Plasma protease C1 inhibitor OS=Homo sapiens OX=9606 GN=SERPING1 PE=1 SV=2	0.0300	1	1
sp|Q8N543|OGFD1_HUMAN	sp|Q8N543|OGFD1_HUMAN Prolyl 3-hydroxylase OGFOD1 OS=Homo sapiens OX=9606 GN=OGFOD1 PE=1 SV=1	0.0258	1	1
sp|P10600|TGFB3_HUMAN	sp|P10600|TGFB3_HUMAN Transforming growth factor beta-3 proprotein OS=Homo sapiens OX=9606 GN=TGFB3 PE=1 SV=1	0.0388	1	1
sp|Q96BV0|ZN775_HUMAN	sp|Q96BV0|ZN775_HUMAN Zinc finger protein 775 OS=Homo sapiens OX=9606 GN=ZNF775 PE=1 SV=2	0.0335	1	1
sp|Q2I0M5|RSPO4_HUMAN	sp|Q2I0M5|RSPO4_HUMAN R-spondin-4 OS=Homo sapiens OX=9606 GN=RSPO4 PE=1 SV=2	0.0855	1	1
sp|Q9H9C1|SPE39_HUMAN	sp|Q9H9C1|SPE39_HUMAN Spermatogenesis-defective protein 39 homolog OS=Homo sapiens OX=9606 GN=VIPAS39 PE=1 SV=1	0.0385	1	1
sp|P25325|THTM_HUMAN	sp|P25325|THTM_HUMAN 3-mercaptopyruvate sulfurtransferase OS=Homo sapiens OX=9606 GN=MPST PE=1 SV=3	0.0539	1	1
sp|P61201|CSN2_HUMAN	sp|P61201|CSN2_HUMAN COP9 signalosome complex subunit 2 OS=Homo sapiens OX=9606 GN=COPS2 PE=1 SV=1	0.0429	1	1
sp|Q5T5J6|SWT1_HUMAN	sp|Q5T5J6|SWT1_HUMAN Transcriptional protein SWT1 OS=Homo sapiens OX=9606 GN=SWT1 PE=1 SV=1	0.0167	1	1
sp|Q9Y585|OR1A2_HUMAN	sp|Q9Y585|OR1A2_HUMAN Olfactory receptor 1A2 OS=Homo sapiens OX=9606 GN=OR1A2 PE=2 SV=1	0.0550	1	1
sp|Q76LX8|ATS13_HUMAN	sp|Q76LX8|ATS13_HUMAN A disintegrin and metalloproteinase with thrombospondin motifs 13 OS=Homo sapiens OX=9606 GN=ADAMTS13 PE=1 SV=1	0.0133	1	1
sp|Q9Y2D8|ADIP_HUMAN	sp|Q9Y2D8|ADIP_HUMAN Afadin- and alpha-actinin-binding protein OS=Homo sapiens OX=9606 GN=SSX2IP PE=1 SV=3	0.0244	1	1
sp|O75330|HMMR_HUMAN	sp|O75330|HMMR_HUMAN Hyaluronan mediated motility receptor OS=Homo sapiens OX=9606 GN=HMMR PE=1 SV=2	0.0180	1	1
sp|P26045|PTN3_HUMAN	sp|P26045|PTN3_HUMAN Tyrosine-protein phosphatase non-receptor type 3 OS=Homo sapiens OX=9606 GN=PTPN3 PE=1 SV=2	0.0175	1	1
sp|Q15785|TOM34_HUMAN	sp|Q15785|TOM34_HUMAN Mitochondrial import receptor subunit TOM34 OS=Homo sapiens OX=9606 GN=TOMM34 PE=1 SV=2	0.0485	1	1
sp|Q3B820|F161A_HUMAN	sp|Q3B820|F161A_HUMAN Protein FAM161A OS=Homo sapiens OX=9606 GN=FAM161A PE=1 SV=2	0.0258	1	1
sp|Q13233|M3K1_HUMAN	sp|Q13233|M3K1_HUMAN Mitogen-activated protein kinase kinase kinase 1 OS=Homo sapiens OX=9606 GN=MAP3K1 PE=1 SV=4	0.0093	1	1
sp|P09228|CYTT_HUMAN	sp|P09228|CYTT_HUMAN Cystatin-SA OS=Homo sapiens OX=9606 GN=CST2 PE=1 SV=1	0.1135	1	1
sp|Q06546|GABPA_HUMAN	sp|Q06546|GABPA_HUMAN GA-binding protein alpha chain OS=Homo sapiens OX=9606 GN=GABPA PE=1 SV=1	0.0352	1	1
sp|Q08209|PP2BA_HUMAN	sp|Q08209|PP2BA_HUMAN Protein phosphatase 3 catalytic subunit alpha OS=Homo sapiens OX=9606 GN=PPP3CA PE=1 SV=1	0.0307	1	1
sp|Q9Y3A0|COQ4_HUMAN	sp|Q9Y3A0|COQ4_HUMAN Ubiquinone biosynthesis protein COQ4 homolog, mitochondrial OS=Homo sapiens OX=9606 GN=COQ4 PE=1 SV=3	0.0642	1	1
sp|P25445|TNR6_HUMAN	sp|P25445|TNR6_HUMAN Tumor necrosis factor receptor superfamily member 6 OS=Homo sapiens OX=9606 GN=FAS PE=1 SV=1	0.0537	1	1
sp|Q96JJ3|ELMO2_HUMAN	sp|Q96JJ3|ELMO2_HUMAN Engulfment and cell motility protein 2 OS=Homo sapiens OX=9606 GN=ELMO2 PE=1 SV=2	0.0208	1	1
sp|Q6P1M0|S27A4_HUMAN	sp|Q6P1M0|S27A4_HUMAN Long-chain fatty acid transport protein 4 OS=Homo sapiens OX=9606 GN=SLC27A4 PE=1 SV=1	0.0264	1	1
sp|P0DPH7|TBA3C_HUMAN	sp|P0DPH7|TBA3C_HUMAN Tubulin alpha-3C chain OS=Homo sapiens OX=9606 GN=TUBA3C PE=1 SV=1	0.0356	1	1
sp|Q5T5P2|SKT_HUMAN	sp|Q5T5P2|SKT_HUMAN Sickle tail protein homolog OS=Homo sapiens OX=9606 GN=KIAA1217 PE=1 SV=2	0.0098	1	1
sp|O43156|TTI1_HUMAN	sp|O43156|TTI1_HUMAN TELO2-interacting protein 1 homolog OS=Homo sapiens OX=9606 GN=TTI1 PE=1 SV=3	0.0138	1	1
sp|Q9P2D1|CHD7_HUMAN	sp|Q9P2D1|CHD7_HUMAN Chromodomain-helicase-DNA-binding protein 7 OS=Homo sapiens OX=9606 GN=CHD7 PE=1 SV=3	0.0057	1	1
sp|O43451|MGA_HUMAN	sp|O43451|MGA_HUMAN Maltase-glucoamylase OS=Homo sapiens OX=9606 GN=MGAM PE=1 SV=6	0.0116	1	1
sp|Q8TE57|ATS16_HUMAN	sp|Q8TE57|ATS16_HUMAN A disintegrin and metalloproteinase with thrombospondin motifs 16 OS=Homo sapiens OX=9606 GN=ADAMTS16 PE=1 SV=3	0.0123	1	1
sp|P43362|MAGA9_HUMAN	sp|P43362|MAGA9_HUMAN Melanoma-associated antigen 9 OS=Homo sapiens OX=9606 GN=MAGEA9 PE=1 SV=1	0.0444	1	1
sp|Q99633|PRP18_HUMAN	sp|Q99633|PRP18_HUMAN Pre-mRNA-splicing factor 18 OS=Homo sapiens OX=9606 GN=PRPF18 PE=1 SV=1	0.0468	1	1
sp|Q9ULV4|COR1C_HUMAN	sp|Q9ULV4|COR1C_HUMAN Coronin-1C OS=Homo sapiens OX=9606 GN=CORO1C PE=1 SV=1	0.0316	1	1
sp|P12882|MYH1_HUMAN	sp|P12882|MYH1_HUMAN Myosin-1 OS=Homo sapiens OX=9606 GN=MYH1 PE=1 SV=3	0.0175	2	2
sp|Q6UWQ7|IGFL2_HUMAN	sp|Q6UWQ7|IGFL2_HUMAN Insulin growth factor-like family member 2 OS=Homo sapiens OX=9606 GN=IGFL2 PE=1 SV=1	0.1513	1	1
sp|P25054|APC_HUMAN	sp|P25054|APC_HUMAN Adenomatous polyposis coli protein OS=Homo sapiens OX=9606 GN=APC PE=1 SV=2	0.0063	1	1
sp|Q8N0W4|NLGNX_HUMAN	sp|Q8N0W4|NLGNX_HUMAN Neuroligin-4, X-linked OS=Homo sapiens OX=9606 GN=NLGN4X PE=1 SV=1	0.0221	1	1
sp|O60755|GALR3_HUMAN	sp|O60755|GALR3_HUMAN Galanin receptor type 3 OS=Homo sapiens OX=9606 GN=GALR3 PE=1 SV=1	0.0543	1	1
sp|O95071|UBR5_HUMAN	sp|O95071|UBR5_HUMAN E3 ubiquitin-protein ligase UBR5 OS=Homo sapiens OX=9606 GN=UBR5 PE=1 SV=2	0.0061	1	1
sp|Q9UJV9|DDX41_HUMAN	sp|Q9UJV9|DDX41_HUMAN Probable ATP-dependent RNA helicase DDX41 OS=Homo sapiens OX=9606 GN=DDX41 PE=1 SV=2	0.0257	1	1
sp|Q5XKL5|BTBD8_HUMAN	sp|Q5XKL5|BTBD8_HUMAN BTB/POZ domain-containing protein 8 OS=Homo sapiens OX=9606 GN=BTBD8 PE=1 SV=3	0.0123	1	1
sp|A8MPP1|D11L8_HUMAN	sp|A8MPP1|D11L8_HUMAN Putative ATP-dependent DNA helicase DDX11-like protein 8 OS=Homo sapiens OX=9606 GN=DDX11L8 PE=1 SV=1	0.0187	1	1
sp|Q6ZN84|CCD81_HUMAN	sp|Q6ZN84|CCD81_HUMAN Coiled-coil domain-containing protein 81 OS=Homo sapiens OX=9606 GN=CCDC81 PE=1 SV=2	0.0230	1	1
sp|Q9H2P0|ADNP_HUMAN	sp|Q9H2P0|ADNP_HUMAN Activity-dependent neuroprotector homeobox protein OS=Homo sapiens OX=9606 GN=ADNP PE=1 SV=1	0.0154	1	1
sp|Q7Z460|CLAP1_HUMAN	sp|Q7Z460|CLAP1_HUMAN CLIP-associating protein 1 OS=Homo sapiens OX=9606 GN=CLASP1 PE=1 SV=1	0.0098	1	1
sp|P41180|CASR_HUMAN	sp|P41180|CASR_HUMAN Extracellular calcium-sensing receptor OS=Homo sapiens OX=9606 GN=CASR PE=1 SV=3	0.0139	1	1
sp|O75129|ASTN2_HUMAN	sp|O75129|ASTN2_HUMAN Astrotactin-2 OS=Homo sapiens OX=9606 GN=ASTN2 PE=1 SV=2	0.0142	1	1
sp|O95831|AIFM1_HUMAN	sp|O95831|AIFM1_HUMAN Apoptosis-inducing factor 1, mitochondrial OS=Homo sapiens OX=9606 GN=AIFM1 PE=1 SV=1	0.0245	1	1
sp|Q15323|K1H1_HUMAN	sp|Q15323|K1H1_HUMAN Keratin, type I cuticular Ha1 OS=Homo sapiens OX=9606 GN=KRT31 PE=1 SV=3	0.0385	1	1
sp|Q9NUA8|ZBT40_HUMAN	sp|Q9NUA8|ZBT40_HUMAN Zinc finger and BTB domain-containing protein 40 OS=Homo sapiens OX=9606 GN=ZBTB40 PE=1 SV=4	0.0145	1	1
sp|Q9P1U1|ARP3B_HUMAN	sp|Q9P1U1|ARP3B_HUMAN Actin-related protein 3B OS=Homo sapiens OX=9606 GN=ACTR3B PE=1 SV=1	0.0383	1	1
sp|Q8N6G2|TEX26_HUMAN	sp|Q8N6G2|TEX26_HUMAN Testis-expressed protein 26 OS=Homo sapiens OX=9606 GN=TEX26 PE=1 SV=1	0.0519	1	1
sp|P54278|PMS2_HUMAN	sp|P54278|PMS2_HUMAN Mismatch repair endonuclease PMS2 OS=Homo sapiens OX=9606 GN=PMS2 PE=1 SV=2	0.0209	1	1
sp|Q5T8D3|ACBD5_HUMAN	sp|Q5T8D3|ACBD5_HUMAN Acyl-CoA-binding domain-containing protein 5 OS=Homo sapiens OX=9606 GN=ACBD5 PE=1 SV=1	0.0300	1	1
sp|P32121|ARRB2_HUMAN	sp|P32121|ARRB2_HUMAN Beta-arrestin-2 OS=Homo sapiens OX=9606 GN=ARRB2 PE=1 SV=2	0.0416	1	1
sp|Q8IZA0|K319L_HUMAN	sp|Q8IZA0|K319L_HUMAN Dyslexia-associated protein KIAA0319-like protein OS=Homo sapiens OX=9606 GN=KIAA0319L PE=1 SV=2	0.0162	1	1
sp|Q9UPS6|SET1B_HUMAN	sp|Q9UPS6|SET1B_HUMAN Histone-lysine N-methyltransferase SETD1B OS=Homo sapiens OX=9606 GN=SETD1B PE=1 SV=3	0.0076	1	1
sp|P98171|RHG04_HUMAN	sp|P98171|RHG04_HUMAN Rho GTPase-activating protein 4 OS=Homo sapiens OX=9606 GN=ARHGAP4 PE=1 SV=2	0.0169	1	1
sp|Q08AG5|ZN844_HUMAN	sp|Q08AG5|ZN844_HUMAN Zinc finger protein 844 OS=Homo sapiens OX=9606 GN=ZNF844 PE=1 SV=1	0.0240	1	1
sp|Q5T3U5|MRP7_HUMAN	sp|Q5T3U5|MRP7_HUMAN ATP-binding cassette sub-family C member 10 OS=Homo sapiens OX=9606 GN=ABCC10 PE=1 SV=1	0.0121	1	1
sp|Q5T9L3|WLS_HUMAN	sp|Q5T9L3|WLS_HUMAN Protein wntless homolog OS=Homo sapiens OX=9606 GN=WLS PE=1 SV=2	0.0333	1	1
sp|P80370|DLK1_HUMAN	sp|P80370|DLK1_HUMAN Protein delta homolog 1 OS=Homo sapiens OX=9606 GN=DLK1 PE=1 SV=3	0.0418	1	1
sp|Q8TEM1|PO210_HUMAN	sp|Q8TEM1|PO210_HUMAN Nuclear pore membrane glycoprotein 210 OS=Homo sapiens OX=9606 GN=NUP210 PE=1 SV=3	0.0085	1	1
sp|P37231|PPARG_HUMAN	sp|P37231|PPARG_HUMAN Peroxisome proliferator-activated receptor gamma OS=Homo sapiens OX=9606 GN=PPARG PE=1 SV=3	0.0317	1	1
sp|Q9HDD0|PLAT1_HUMAN	sp|Q9HDD0|PLAT1_HUMAN Phospholipase A and acyltransferase 1 OS=Homo sapiens OX=9606 GN=PLAAT1 PE=1 SV=1	0.0893	1	1
sp|O43318|M3K7_HUMAN	sp|O43318|M3K7_HUMAN Mitogen-activated protein kinase kinase kinase 7 OS=Homo sapiens OX=9606 GN=MAP3K7 PE=1 SV=1	0.0297	1	1
sp|P07359|GP1BA_HUMAN	sp|P07359|GP1BA_HUMAN Platelet glycoprotein Ib alpha chain OS=Homo sapiens OX=9606 GN=GP1BA PE=1 SV=2	0.0215	1	1
sp|Q9NYV6|RRN3_HUMAN	sp|Q9NYV6|RRN3_HUMAN RNA polymerase I-specific transcription initiation factor RRN3 OS=Homo sapiens OX=9606 GN=RRN3 PE=1 SV=1	0.0230	1	1
sp|P57060|RWD2B_HUMAN	sp|P57060|RWD2B_HUMAN RWD domain-containing protein 2B OS=Homo sapiens OX=9606 GN=RWDD2B PE=1 SV=1	0.0502	1	1
sp|Q16280|CNGA2_HUMAN	sp|Q16280|CNGA2_HUMAN Cyclic nucleotide-gated channel alpha-2 OS=Homo sapiens OX=9606 GN=CNGA2 PE=2 SV=2	0.0226	1	1
sp|Q6ZVH7|ESPNL_HUMAN	sp|Q6ZVH7|ESPNL_HUMAN Espin-like protein OS=Homo sapiens OX=9606 GN=ESPNL PE=1 SV=3	0.0129	1	1
sp|Q96MC2|DRC1_HUMAN	sp|Q96MC2|DRC1_HUMAN Dynein regulatory complex protein 1 OS=Homo sapiens OX=9606 GN=DRC1 PE=1 SV=2	0.0243	1	1
sp|Q9H095|DRC9_HUMAN	sp|Q9H095|DRC9_HUMAN Dynein regulatory complex protein 9 OS=Homo sapiens OX=9606 GN=IQCG PE=1 SV=1	0.0339	1	1
sp|Q8WZ42|TITIN_HUMAN	sp|Q8WZ42|TITIN_HUMAN Titin OS=Homo sapiens OX=9606 GN=TTN PE=1 SV=4	0.0004	1	1
sp|Q16850|CP51A_HUMAN	sp|Q16850|CP51A_HUMAN Lanosterol 14-alpha demethylase OS=Homo sapiens OX=9606 GN=CYP51A1 PE=1 SV=4	0.0275	1	1
sp|P16383|GCFC2_HUMAN	sp|P16383|GCFC2_HUMAN Intron Large complex component GCFC2 OS=Homo sapiens OX=9606 GN=GCFC2 PE=1 SV=2	0.0243	1	1
sp|P14406|CX7A2_HUMAN	sp|P14406|CX7A2_HUMAN Cytochrome c oxidase subunit 7A2, mitochondrial OS=Homo sapiens OX=9606 GN=COX7A2 PE=1 SV=1	0.1807	1	1
sp|P07384|CAN1_HUMAN	sp|P07384|CAN1_HUMAN Calpain-1 catalytic subunit OS=Homo sapiens OX=9606 GN=CAPN1 PE=1 SV=1	0.0224	1	1
sp|Q7Z4N2|TRPM1_HUMAN	sp|Q7Z4N2|TRPM1_HUMAN Transient receptor potential cation channel subfamily M member 1 OS=Homo sapiens OX=9606 GN=TRPM1 PE=1 SV=2	0.0094	1	1
sp|Q9NSN8|SNTG1_HUMAN	sp|Q9NSN8|SNTG1_HUMAN Gamma-1-syntrophin OS=Homo sapiens OX=9606 GN=SNTG1 PE=1 SV=1	0.0309	1	1
sp|Q9BXW9|FACD2_HUMAN	sp|Q9BXW9|FACD2_HUMAN Fanconi anemia group D2 protein OS=Homo sapiens OX=9606 GN=FANCD2 PE=1 SV=2	0.0117	1	1
sp|P78310|CXAR_HUMAN	sp|P78310|CXAR_HUMAN Coxsackievirus and adenovirus receptor OS=Homo sapiens OX=9606 GN=CXADR PE=1 SV=1	0.0384	1	1
sp|Q96F81|DISP1_HUMAN	sp|Q96F81|DISP1_HUMAN Protein dispatched homolog 1 OS=Homo sapiens OX=9606 GN=DISP1 PE=1 SV=3	0.0092	1	1
sp|Q9NXX6|NSE4A_HUMAN	sp|Q9NXX6|NSE4A_HUMAN Non-structural maintenance of chromosomes element 4 homolog A OS=Homo sapiens OX=9606 GN=NSMCE4A PE=1 SV=2	0.0442	1	1
sp|P22087|FBRL_HUMAN	sp|P22087|FBRL_HUMAN rRNA 2'-O-methyltransferase fibrillarin OS=Homo sapiens OX=9606 GN=FBL PE=1 SV=2	0.0530	1	1
sp|Q9UQ35|SRRM2_HUMAN	sp|Q9UQ35|SRRM2_HUMAN Serine/arginine repetitive matrix protein 2 OS=Homo sapiens OX=9606 GN=SRRM2 PE=1 SV=2	0.0062	1	1
sp|Q5T036|F120S_HUMAN	sp|Q5T036|F120S_HUMAN Uncharacterized protein FAM120AOS OS=Homo sapiens OX=9606 GN=FAM120AOS PE=1 SV=1	0.0664	1	1
sp|Q8IW52|SLIK4_HUMAN	sp|Q8IW52|SLIK4_HUMAN SLIT and NTRK-like protein 4 OS=Homo sapiens OX=9606 GN=SLITRK4 PE=1 SV=1	0.0191	1	1
sp|Q9Y5G8|PCDG5_HUMAN	sp|Q9Y5G8|PCDG5_HUMAN Protocadherin gamma-A5 OS=Homo sapiens OX=9606 GN=PCDHGA5 PE=1 SV=1	0.0183	1	1
sp|Q9P2E3|ZNFX1_HUMAN	sp|Q9P2E3|ZNFX1_HUMAN NFX1-type zinc finger-containing protein 1 OS=Homo sapiens OX=9606 GN=ZNFX1 PE=1 SV=2	0.0104	1	1
sp|Q8IWU5|SULF2_HUMAN	sp|Q8IWU5|SULF2_HUMAN Extracellular sulfatase Sulf-2 OS=Homo sapiens OX=9606 GN=SULF2 PE=1 SV=1	0.0195	1	1
sp|P11717|MPRI_HUMAN	sp|P11717|MPRI_HUMAN Cation-independent mannose-6-phosphate receptor OS=Homo sapiens OX=9606 GN=IGF2R PE=1 SV=3	0.0080	1	1
sp|Q9Y4C1|KDM3A_HUMAN	sp|Q9Y4C1|KDM3A_HUMAN Lysine-specific demethylase 3A OS=Homo sapiens OX=9606 GN=KDM3A PE=1 SV=4	0.0129	1	1
sp|Q9UL15|BAG5_HUMAN	sp|Q9UL15|BAG5_HUMAN BAG family molecular chaperone regulator 5 OS=Homo sapiens OX=9606 GN=BAG5 PE=1 SV=1	0.0336	1	1
sp|Q9Y618|NCOR2_HUMAN	sp|Q9Y618|NCOR2_HUMAN Nuclear receptor corepressor 2 OS=Homo sapiens OX=9606 GN=NCOR2 PE=1 SV=3	0.0060	1	1
sp|P07225|PROS_HUMAN	sp|P07225|PROS_HUMAN Vitamin K-dependent protein S OS=Homo sapiens OX=9606 GN=PROS1 PE=1 SV=1	0.0237	1	1
sp|Q8NA56|TTC29_HUMAN	sp|Q8NA56|TTC29_HUMAN Tetratricopeptide repeat protein 29 OS=Homo sapiens OX=9606 GN=TTC29 PE=1 SV=2	0.0316	1	1
sp|Q02817|MUC2_HUMAN	sp|Q02817|MUC2_HUMAN Mucin-2 OS=Homo sapiens OX=9606 GN=MUC2 PE=1 SV=3	0.0026	1	1
sp|Q86UK0|ABCAC_HUMAN	sp|Q86UK0|ABCAC_HUMAN Glucosylceramide transporter ABCA12 OS=Homo sapiens OX=9606 GN=ABCA12 PE=1 SV=3	0.0054	1	1
sp|Q9Y623|MYH4_HUMAN	sp|Q9Y623|MYH4_HUMAN Myosin-4 OS=Homo sapiens OX=9606 GN=MYH4 PE=1 SV=2	0.0088	1	1
sp|Q8IXJ9|ASXL1_HUMAN	sp|Q8IXJ9|ASXL1_HUMAN Polycomb group protein ASXL1 OS=Homo sapiens OX=9606 GN=ASXL1 PE=1 SV=4	0.0097	1	1
sp|Q9NP71|MLXPL_HUMAN	sp|Q9NP71|MLXPL_HUMAN Carbohydrate-responsive element-binding protein OS=Homo sapiens OX=9606 GN=MLXIPL PE=1 SV=1	0.0223	1	1
sp|Q8WUJ3|CEMIP_HUMAN	sp|Q8WUJ3|CEMIP_HUMAN Cell migration-inducing and hyaluronan-binding protein OS=Homo sapiens OX=9606 GN=CEMIP PE=1 SV=2	0.0118	1	1
sp|Q05BV3|EMAL5_HUMAN	sp|Q05BV3|EMAL5_HUMAN Echinoderm microtubule-associated protein-like 5 OS=Homo sapiens OX=9606 GN=EML5 PE=1 SV=3	0.0076	1	1
sp|Q02156|KPCE_HUMAN	sp|Q02156|KPCE_HUMAN Protein kinase C epsilon type OS=Homo sapiens OX=9606 GN=PRKCE PE=1 SV=1	0.0217	1	1
sp|Q5TH69|BIG3_HUMAN	sp|Q5TH69|BIG3_HUMAN Brefeldin A-inhibited guanine nucleotide-exchange protein 3 OS=Homo sapiens OX=9606 GN=ARFGEF3 PE=1 SV=3	0.0078	1	1
sp|Q9P227|RHG23_HUMAN	sp|Q9P227|RHG23_HUMAN Rho GTPase-activating protein 23 OS=Homo sapiens OX=9606 GN=ARHGAP23 PE=1 SV=2	0.0101	1	1
sp|Q9UJX6|ANC2_HUMAN	sp|Q9UJX6|ANC2_HUMAN Anaphase-promoting complex subunit 2 OS=Homo sapiens OX=9606 GN=ANAPC2 PE=1 SV=1	0.0195	1	1
sp|P41218|MNDA_HUMAN	sp|P41218|MNDA_HUMAN Myeloid cell nuclear differentiation antigen OS=Homo sapiens OX=9606 GN=MNDA PE=1 SV=1	0.0442	1	1
sp|P42696|RBM34_HUMAN	sp|P42696|RBM34_HUMAN RNA-binding protein 34 OS=Homo sapiens OX=9606 GN=RBM34 PE=1 SV=2	0.0349	1	1
sp|Q96QP1|ALPK1_HUMAN	sp|Q96QP1|ALPK1_HUMAN Alpha-protein kinase 1 OS=Homo sapiens OX=9606 GN=ALPK1 PE=1 SV=3	0.0145	1	1
sp|Q8WWI5|CTL1_HUMAN	sp|Q8WWI5|CTL1_HUMAN Choline transporter-like protein 1 OS=Homo sapiens OX=9606 GN=SLC44A1 PE=1 SV=1	0.0259	1	1
sp|Q9UBF2|COPG2_HUMAN	sp|Q9UBF2|COPG2_HUMAN Coatomer subunit gamma-2 OS=Homo sapiens OX=9606 GN=COPG2 PE=1 SV=1	0.0161	1	1
sp|Q8IZL2|MAML2_HUMAN	sp|Q8IZL2|MAML2_HUMAN Mastermind-like protein 2 OS=Homo sapiens OX=9606 GN=MAML2 PE=1 SV=2	0.0147	1	1
sp|A2A2Y4|FRMD3_HUMAN	sp|A2A2Y4|FRMD3_HUMAN FERM domain-containing protein 3 OS=Homo sapiens OX=9606 GN=FRMD3 PE=1 SV=1	0.0251	1	1
sp|O00273|DFFA_HUMAN	sp|O00273|DFFA_HUMAN DNA fragmentation factor subunit alpha OS=Homo sapiens OX=9606 GN=DFFA PE=1 SV=1	0.0514	1	1
sp|Q8IWL3|HSC20_HUMAN	sp|Q8IWL3|HSC20_HUMAN Iron-sulfur cluster co-chaperone protein HscB OS=Homo sapiens OX=9606 GN=HSCB PE=1 SV=3	0.0596	1	1
sp|Q14CN4|K2C72_HUMAN	sp|Q14CN4|K2C72_HUMAN Keratin, type II cytoskeletal 72 OS=Homo sapiens OX=9606 GN=KRT72 PE=1 SV=2	0.0333	1	1
sp|P09769|FGR_HUMAN	sp|P09769|FGR_HUMAN Tyrosine-protein kinase Fgr OS=Homo sapiens OX=9606 GN=FGR PE=1 SV=2	0.0302	1	1
sp|Q86X52|CHSS1_HUMAN	sp|Q86X52|CHSS1_HUMAN Chondroitin sulfate synthase 1 OS=Homo sapiens OX=9606 GN=CHSY1 PE=1 SV=3	0.0212	1	1
sp|Q15858|SCN9A_HUMAN	sp|Q15858|SCN9A_HUMAN Sodium channel protein type 9 subunit alpha OS=Homo sapiens OX=9606 GN=SCN9A PE=1 SV=3	0.0086	1	1
sp|P24278|ZBT25_HUMAN	sp|P24278|ZBT25_HUMAN Zinc finger and BTB domain-containing protein 25 OS=Homo sapiens OX=9606 GN=ZBTB25 PE=1 SV=2	0.0368	1	1
sp|P23443|KS6B1_HUMAN	sp|P23443|KS6B1_HUMAN Ribosomal protein S6 kinase beta-1 OS=Homo sapiens OX=9606 GN=RPS6KB1 PE=1 SV=2	0.0305	1	1
sp|Q7Z5N4|SDK1_HUMAN	sp|Q7Z5N4|SDK1_HUMAN Protein sidekick-1 OS=Homo sapiens OX=9606 GN=SDK1 PE=1 SV=3	0.0077	1	1
sp|Q86UW6|N4BP2_HUMAN	sp|Q86UW6|N4BP2_HUMAN NEDD4-binding protein 2 OS=Homo sapiens OX=9606 GN=N4BP2 PE=1 SV=2	0.0096	1	1
sp|Q5H8C1|FREM1_HUMAN	sp|Q5H8C1|FREM1_HUMAN FRAS1-related extracellular matrix protein 1 OS=Homo sapiens OX=9606 GN=FREM1 PE=1 SV=3	0.0073	1	1
sp|P15924|DESP_HUMAN	sp|P15924|DESP_HUMAN Desmoplakin OS=Homo sapiens OX=9606 GN=DSP PE=1 SV=3	0.0052	1	1
sp|Q5SVQ8|ZBT41_HUMAN	sp|Q5SVQ8|ZBT41_HUMAN Zinc finger and BTB domain-containing protein 41 OS=Homo sapiens OX=9606 GN=ZBTB41 PE=1 SV=1	0.0176	1	1
sp|P0C7V9|ME15P_HUMAN	sp|P0C7V9|ME15P_HUMAN Putative methyltransferase-like protein 15P1 OS=Homo sapiens OX=9606 GN=METTL15P1 PE=5 SV=1	0.0726	1	1
sp|Q8N9C0|IGS22_HUMAN	sp|Q8N9C0|IGS22_HUMAN Immunoglobulin superfamily member 22 OS=Homo sapiens OX=9606 GN=IGSF22 PE=2 SV=2	0.0188	1	1
sp|Q8TBP6|S2540_HUMAN	sp|Q8TBP6|S2540_HUMAN Mitochondrial glutathione transporter SLC25A40 OS=Homo sapiens OX=9606 GN=SLC25A40 PE=1 SV=1	0.0473	1	1
sp|P10911|MCF2_HUMAN	sp|P10911|MCF2_HUMAN Proto-oncogene DBL OS=Homo sapiens OX=9606 GN=MCF2 PE=1 SV=3	0.0141	1	1
sp|Q8N4Y2|EFC4A_HUMAN	sp|Q8N4Y2|EFC4A_HUMAN EF-hand calcium-binding domain-containing protein 4A OS=Homo sapiens OX=9606 GN=CRACR2B PE=1 SV=3	0.0326	1	1
sp|Q7Z7H3|CATIP_HUMAN	sp|Q7Z7H3|CATIP_HUMAN Ciliogenesis-associated TTC17-interacting protein OS=Homo sapiens OX=9606 GN=CATIP PE=1 SV=1	0.0362	1	1
sp|P29803|ODPAT_HUMAN	sp|P29803|ODPAT_HUMAN Pyruvate dehydrogenase E1 component subunit alpha, testis-specific form, mitochondrial OS=Homo sapiens OX=9606 GN=PDHA2 PE=1 SV=1	0.0387	1	1
sp|Q14684|RRP1B_HUMAN	sp|Q14684|RRP1B_HUMAN Ribosomal RNA processing protein 1 homolog B OS=Homo sapiens OX=9606 GN=RRP1B PE=1 SV=3	0.0224	1	1
sp|P27448|MARK3_HUMAN	sp|P27448|MARK3_HUMAN MAP/microtubule affinity-regulating kinase 3 OS=Homo sapiens OX=9606 GN=MARK3 PE=1 SV=5	0.0252	1	1
sp|P49767|VEGFC_HUMAN	sp|P49767|VEGFC_HUMAN Vascular endothelial growth factor C OS=Homo sapiens OX=9606 GN=VEGFC PE=1 SV=1	0.0453	1	1
sp|Q96BY7|ATG2B_HUMAN	sp|Q96BY7|ATG2B_HUMAN Autophagy-related protein 2 homolog B OS=Homo sapiens OX=9606 GN=ATG2B PE=1 SV=5	0.0087	1	1
sp|P42575|CASP2_HUMAN	sp|P42575|CASP2_HUMAN Caspase-2 OS=Homo sapiens OX=9606 GN=CASP2 PE=1 SV=2	0.0310	1	1
sp|Q86TS9|RM52_HUMAN	sp|Q86TS9|RM52_HUMAN Large ribosomal subunit protein mL52 OS=Homo sapiens OX=9606 GN=MRPL52 PE=1 SV=2	0.1220	1	1
sp|Q8IYJ2|CJ067_HUMAN	sp|Q8IYJ2|CJ067_HUMAN Uncharacterized protein C10orf67, mitochondrial OS=Homo sapiens OX=9606 GN=C10orf67 PE=1 SV=3	0.0236	1	1
sp|P17014|ZNF12_HUMAN	sp|P17014|ZNF12_HUMAN Zinc finger protein 12 OS=Homo sapiens OX=9606 GN=ZNF12 PE=1 SV=3	0.0230	1	1
sp|Q9BWN1|PRR14_HUMAN	sp|Q9BWN1|PRR14_HUMAN Proline-rich protein 14 OS=Homo sapiens OX=9606 GN=PRR14 PE=1 SV=1	0.0274	1	1
sp|P35556|FBN2_HUMAN	sp|P35556|FBN2_HUMAN Fibrillin-2 OS=Homo sapiens OX=9606 GN=FBN2 PE=1 SV=3	0.0069	1	1
sp|Q8N2C7|UNC80_HUMAN	sp|Q8N2C7|UNC80_HUMAN Protein unc-80 homolog OS=Homo sapiens OX=9606 GN=UNC80 PE=1 SV=2	0.0046	1	1
sp|O15535|ZSC9_HUMAN	sp|O15535|ZSC9_HUMAN Zinc finger and SCAN domain-containing protein 9 OS=Homo sapiens OX=9606 GN=ZSCAN9 PE=1 SV=1	0.0381	1	1
sp|P69892|HBG2_HUMAN	sp|P69892|HBG2_HUMAN Hemoglobin subunit gamma-2 OS=Homo sapiens OX=9606 GN=HBG2 PE=1 SV=2	0.1088	1	1
sp|A6NDI0|TR49B_HUMAN	sp|A6NDI0|TR49B_HUMAN Putative tripartite motif-containing protein 49B OS=Homo sapiens OX=9606 GN=TRIM49B PE=2 SV=1	0.0376	1	1
sp|Q8N9L9|ACOT4_HUMAN	sp|Q8N9L9|ACOT4_HUMAN Peroxisomal succinyl-coenzyme A thioesterase OS=Homo sapiens OX=9606 GN=ACOT4 PE=1 SV=2	0.0356	1	1
sp|Q8TBY8|PMFBP_HUMAN	sp|Q8TBY8|PMFBP_HUMAN Polyamine-modulated factor 1-binding protein 1 OS=Homo sapiens OX=9606 GN=PMFBP1 PE=1 SV=3	0.0169	1	1
sp|A8MVW5|HECA2_HUMAN	sp|A8MVW5|HECA2_HUMAN HEPACAM family member 2 OS=Homo sapiens OX=9606 GN=HEPACAM2 PE=1 SV=1	0.0433	1	1
sp|Q9NVI1|FANCI_HUMAN	sp|Q9NVI1|FANCI_HUMAN Fanconi anemia group I protein OS=Homo sapiens OX=9606 GN=FANCI PE=1 SV=4	0.0120	1	1
sp|A2VEC9|SSPO_HUMAN	sp|A2VEC9|SSPO_HUMAN SCO-spondin OS=Homo sapiens OX=9606 GN=SSPOP PE=2 SV=2	0.0035	1	1
sp|Q15735|PI5PA_HUMAN	sp|Q15735|PI5PA_HUMAN Phosphatidylinositol 4,5-bisphosphate 5-phosphatase A OS=Homo sapiens OX=9606 GN=INPP5J PE=1 SV=3	0.0159	1	1
sp|Q9BX66|SRBS1_HUMAN	sp|Q9BX66|SRBS1_HUMAN Sorbin and SH3 domain-containing protein 1 OS=Homo sapiens OX=9606 GN=SORBS1 PE=1 SV=3	0.0124	1	1
sp|Q14410|GLPK2_HUMAN	sp|Q14410|GLPK2_HUMAN Glycerol kinase 2 OS=Homo sapiens OX=9606 GN=GK2 PE=1 SV=2	0.0344	1	1
sp|P30556|AGTR1_HUMAN	sp|P30556|AGTR1_HUMAN Type-1 angiotensin II receptor OS=Homo sapiens OX=9606 GN=AGTR1 PE=1 SV=1	0.0362	1	1
sp|P13645|K1C10_HUMAN	sp|P13645|K1C10_HUMAN Keratin, type I cytoskeletal 10 OS=Homo sapiens OX=9606 GN=KRT10 PE=1 SV=6	0.0291	1	1
sp|Q9UHI6|DDX20_HUMAN	sp|Q9UHI6|DDX20_HUMAN Probable ATP-dependent RNA helicase DDX20 OS=Homo sapiens OX=9606 GN=DDX20 PE=1 SV=2	0.0218	1	1
sp|O95477|ABCA1_HUMAN	sp|O95477|ABCA1_HUMAN Phospholipid-transporting ATPase ABCA1 OS=Homo sapiens OX=9606 GN=ABCA1 PE=1 SV=3	0.0057	1	1
sp|Q9UQ49|NEUR3_HUMAN	sp|Q9UQ49|NEUR3_HUMAN Sialidase-3 OS=Homo sapiens OX=9606 GN=NEU3 PE=1 SV=1	0.0397	1	1
sp|Q7Z3G6|PRIC2_HUMAN	sp|Q7Z3G6|PRIC2_HUMAN Prickle-like protein 2 OS=Homo sapiens OX=9606 GN=PRICKLE2 PE=1 SV=2	0.0213	1	1
sp|O14628|ZN195_HUMAN	sp|O14628|ZN195_HUMAN Zinc finger protein 195 OS=Homo sapiens OX=9606 GN=ZNF195 PE=1 SV=2	0.0286	1	1
sp|Q9Y6R0|NUMBL_HUMAN	sp|Q9Y6R0|NUMBL_HUMAN Numb-like protein OS=Homo sapiens OX=9606 GN=NUMBL PE=1 SV=1	0.0279	1	1
sp|Q9UPN3|MACF1_HUMAN	sp|Q9UPN3|MACF1_HUMAN Microtubule-actin cross-linking factor 1, isoforms 1/2/3/4/5 OS=Homo sapiens OX=9606 GN=MACF1 PE=1 SV=4	0.0020	1	1
sp|Q6P047|CH074_HUMAN	sp|Q6P047|CH074_HUMAN Uncharacterized protein C8orf74 OS=Homo sapiens OX=9606 GN=C8orf74 PE=1 SV=3	0.0476	1	1
sp|Q9Y6B2|EID1_HUMAN	sp|Q9Y6B2|EID1_HUMAN EP300-interacting inhibitor of differentiation 1 OS=Homo sapiens OX=9606 GN=EID1 PE=1 SV=1	0.0856	1	1
sp|Q86XL3|ANKL2_HUMAN	sp|Q86XL3|ANKL2_HUMAN Ankyrin repeat and LEM domain-containing protein 2 OS=Homo sapiens OX=9606 GN=ANKLE2 PE=1 SV=4	0.0181	1	1
sp|P13497|BMP1_HUMAN	sp|P13497|BMP1_HUMAN Bone morphogenetic protein 1 OS=Homo sapiens OX=9606 GN=BMP1 PE=1 SV=2	0.0213	1	1
sp|Q5T6C5|AT7L2_HUMAN	sp|Q5T6C5|AT7L2_HUMAN Ataxin-7-like protein 2 OS=Homo sapiens OX=9606 GN=ATXN7L2 PE=1 SV=1	0.0235	1	1
sp|P78562|PHEX_HUMAN	sp|P78562|PHEX_HUMAN Phosphate-regulating neutral endopeptidase PHEX OS=Homo sapiens OX=9606 GN=PHEX PE=1 SV=1	0.0227	1	1
sp|Q2M2I8|AAK1_HUMAN	sp|Q2M2I8|AAK1_HUMAN AP2-associated protein kinase 1 OS=Homo sapiens OX=9606 GN=AAK1 PE=1 SV=3	0.0146	1	1
sp|P46821|MAP1B_HUMAN	sp|P46821|MAP1B_HUMAN Microtubule-associated protein 1B OS=Homo sapiens OX=9606 GN=MAP1B PE=1 SV=2	0.0069	1	1
sp|O15438|MRP3_HUMAN	sp|O15438|MRP3_HUMAN ATP-binding cassette sub-family C member 3 OS=Homo sapiens OX=9606 GN=ABCC3 PE=1 SV=3	0.0111	1	1
sp|Q9H426|RIMS4_HUMAN	sp|Q9H426|RIMS4_HUMAN Regulating synaptic membrane exocytosis protein 4 OS=Homo sapiens OX=9606 GN=RIMS4 PE=1 SV=3	0.0669	1	1
sp|Q9P0K7|RAI14_HUMAN	sp|Q9P0K7|RAI14_HUMAN Ankycorbin OS=Homo sapiens OX=9606 GN=RAI14 PE=1 SV=2	0.0173	1	1
sp|Q9UKU9|ANGL2_HUMAN	sp|Q9UKU9|ANGL2_HUMAN Angiopoietin-related protein 2 OS=Homo sapiens OX=9606 GN=ANGPTL2 PE=1 SV=1	0.0609	2	2
sp|O94822|LTN1_HUMAN	sp|O94822|LTN1_HUMAN E3 ubiquitin-protein ligase listerin OS=Homo sapiens OX=9606 GN=LTN1 PE=1 SV=6	0.0085	1	1
sp|Q6P3X8|PGBD2_HUMAN	sp|Q6P3X8|PGBD2_HUMAN PiggyBac transposable element-derived protein 2 OS=Homo sapiens OX=9606 GN=PGBD2 PE=1 SV=1	0.0253	1	1
sp|Q8NFP9|NBEA_HUMAN	sp|Q8NFP9|NBEA_HUMAN Neurobeachin OS=Homo sapiens OX=9606 GN=NBEA PE=1 SV=3	0.0054	1	1
sp|Q9Y2K6|UBP20_HUMAN	sp|Q9Y2K6|UBP20_HUMAN Ubiquitin carboxyl-terminal hydrolase 20 OS=Homo sapiens OX=9606 GN=USP20 PE=1 SV=2	0.0175	1	1
sp|O43345|ZN208_HUMAN	sp|O43345|ZN208_HUMAN Zinc finger protein 208 OS=Homo sapiens OX=9606 GN=ZNF208 PE=1 SV=2	0.0938	1	1
sp|Q96AD5|PLPL2_HUMAN	sp|Q96AD5|PLPL2_HUMAN Patatin-like phospholipase domain-containing protein 2 OS=Homo sapiens OX=9606 GN=PNPLA2 PE=1 SV=1	0.0298	1	1
sp|P43686|PRS6B_HUMAN	sp|P43686|PRS6B_HUMAN 26S proteasome regulatory subunit 6B OS=Homo sapiens OX=9606 GN=PSMC4 PE=1 SV=2	0.0407	1	1
sp|O15066|KIF3B_HUMAN	sp|O15066|KIF3B_HUMAN Kinesin-like protein KIF3B OS=Homo sapiens OX=9606 GN=KIF3B PE=1 SV=1	0.0214	1	1
sp|C9J069|AJM1_HUMAN	sp|C9J069|AJM1_HUMAN Apical junction component 1 homolog OS=Homo sapiens OX=9606 GN=AJM1 PE=1 SV=1	0.0143	1	1
sp|Q5SZL2|CE85L_HUMAN	sp|Q5SZL2|CE85L_HUMAN Centrosomal protein of 85 kDa-like OS=Homo sapiens OX=9606 GN=CEP85L PE=1 SV=1	0.0186	1	1
sp|P63133|POK8_HUMAN	sp|P63133|POK8_HUMAN Endogenous retrovirus group K member 8 Pol protein OS=Homo sapiens OX=9606 GN=ERVK-8 PE=3 SV=1	0.0146	1	1
sp|Q5VT06|CE350_HUMAN	sp|Q5VT06|CE350_HUMAN Centrosome-associated protein 350 OS=Homo sapiens OX=9606 GN=CEP350 PE=1 SV=1	0.0045	1	1
sp|Q9BXW6|OSBL1_HUMAN	sp|Q9BXW6|OSBL1_HUMAN Oxysterol-binding protein-related protein 1 OS=Homo sapiens OX=9606 GN=OSBPL1A PE=1 SV=2	0.0179	1	1
sp|Q6T4P5|PLPR3_HUMAN	sp|Q6T4P5|PLPR3_HUMAN Phospholipid phosphatase-related protein type 3 OS=Homo sapiens OX=9606 GN=PLPPR3 PE=1 SV=1	0.0237	1	1
sp|Q06210|GFPT1_HUMAN	sp|Q06210|GFPT1_HUMAN Glutamine--fructose-6-phosphate aminotransferase [isomerizing] 1 OS=Homo sapiens OX=9606 GN=GFPT1 PE=1 SV=3	0.0200	1	1
sp|Q9UPQ7|PZRN3_HUMAN	sp|Q9UPQ7|PZRN3_HUMAN E3 ubiquitin-protein ligase PDZRN3 OS=Homo sapiens OX=9606 GN=PDZRN3 PE=1 SV=2	0.0131	1	1
sp|O15031|PLXB2_HUMAN	sp|O15031|PLXB2_HUMAN Plexin-B2 OS=Homo sapiens OX=9606 GN=PLXNB2 PE=1 SV=3	0.0087	1	1
sp|Q5VIR6|VPS53_HUMAN	sp|Q5VIR6|VPS53_HUMAN Vacuolar protein sorting-associated protein 53 homolog OS=Homo sapiens OX=9606 GN=VPS53 PE=1 SV=2	0.0192	1	1
sp|Q9UKJ3|GPTC8_HUMAN	sp|Q9UKJ3|GPTC8_HUMAN G patch domain-containing protein 8 OS=Homo sapiens OX=9606 GN=GPATCH8 PE=1 SV=2	0.0126	1	1
sp|Q9H4G0|E41L1_HUMAN	sp|Q9H4G0|E41L1_HUMAN Band 4.1-like protein 1 OS=Homo sapiens OX=9606 GN=EPB41L1 PE=1 SV=2	0.0170	1	1
sp|O43293|DAPK3_HUMAN	sp|O43293|DAPK3_HUMAN Death-associated protein kinase 3 OS=Homo sapiens OX=9606 GN=DAPK3 PE=1 SV=1	0.0330	1	1
sp|E5RQL4|FONG_HUMAN	sp|E5RQL4|FONG_HUMAN Formiminotransferase N-terminal subdomain-containing protein OS=Homo sapiens OX=9606 GN=FTCDNL1 PE=2 SV=1	0.1156	1	1
sp|Q8N961|ABTB2_HUMAN	sp|Q8N961|ABTB2_HUMAN Ankyrin repeat and BTB/POZ domain-containing protein 2 OS=Homo sapiens OX=9606 GN=ABTB2 PE=1 SV=2	0.0156	1	1
sp|O75351|VPS4B_HUMAN	sp|O75351|VPS4B_HUMAN Vacuolar protein sorting-associated protein 4B OS=Homo sapiens OX=9606 GN=VPS4B PE=1 SV=2	0.0766	2	2
sp|Q5T4S7|UBR4_HUMAN	sp|Q5T4S7|UBR4_HUMAN E3 ubiquitin-protein ligase UBR4 OS=Homo sapiens OX=9606 GN=UBR4 PE=1 SV=1	0.0037	1	1
sp|Q9H1X1|RSPH9_HUMAN	sp|Q9H1X1|RSPH9_HUMAN Radial spoke head protein 9 homolog OS=Homo sapiens OX=9606 GN=RSPH9 PE=1 SV=1	0.0688	1	1
sp|Q9UQ16|DYN3_HUMAN	sp|Q9UQ16|DYN3_HUMAN Dynamin-3 OS=Homo sapiens OX=9606 GN=DNM3 PE=1 SV=4	0.0173	1	1
sp|Q86YZ3|HORN_HUMAN	sp|Q86YZ3|HORN_HUMAN Hornerin OS=Homo sapiens OX=9606 GN=HRNR PE=1 SV=2	0.0056	1	1
sp|P20648|ATP4A_HUMAN	sp|P20648|ATP4A_HUMAN Potassium-transporting ATPase alpha chain 1 OS=Homo sapiens OX=9606 GN=ATP4A PE=1 SV=5	0.0164	1	1
sp|Q9HCU4|CELR2_HUMAN	sp|Q9HCU4|CELR2_HUMAN Cadherin EGF LAG seven-pass G-type receptor 2 OS=Homo sapiens OX=9606 GN=CELSR2 PE=1 SV=1	0.0051	1	1
sp|Q9P1W3|TM63C_HUMAN	sp|Q9P1W3|TM63C_HUMAN Osmosensitive cation channel TMEM63C OS=Homo sapiens OX=9606 GN=TMEM63C PE=1 SV=1	0.0248	1	1
sp|Q01814|AT2B2_HUMAN	sp|Q01814|AT2B2_HUMAN Plasma membrane calcium-transporting ATPase 2 OS=Homo sapiens OX=9606 GN=ATP2B2 PE=1 SV=2	0.0161	1	1
sp|Q2VIQ3|KIF4B_HUMAN	sp|Q2VIQ3|KIF4B_HUMAN Chromosome-associated kinesin KIF4B OS=Homo sapiens OX=9606 GN=KIF4B PE=1 SV=2	0.0138	1	1
sp|Q8TCS8|PNPT1_HUMAN	sp|Q8TCS8|PNPT1_HUMAN Polyribonucleotide nucleotidyltransferase 1, mitochondrial OS=Homo sapiens OX=9606 GN=PNPT1 PE=1 SV=2	0.0217	1	1
sp|Q9UJX3|APC7_HUMAN	sp|Q9UJX3|APC7_HUMAN Anaphase-promoting complex subunit 7 OS=Homo sapiens OX=9606 GN=ANAPC7 PE=1 SV=5	0.0265	1	1
sp|Q9BSC4|NOL10_HUMAN	sp|Q9BSC4|NOL10_HUMAN Nucleolar protein 10 OS=Homo sapiens OX=9606 GN=NOL10 PE=1 SV=1	0.0218	1	1
sp|Q7LBE3|S26A9_HUMAN	sp|Q7LBE3|S26A9_HUMAN Solute carrier family 26 member 9 OS=Homo sapiens OX=9606 GN=SLC26A9 PE=1 SV=1	0.0190	1	1
sp|Q3SXM5|HSDL1_HUMAN	sp|Q3SXM5|HSDL1_HUMAN Inactive hydroxysteroid dehydrogenase-like protein 1 OS=Homo sapiens OX=9606 GN=HSDL1 PE=1 SV=3	0.0485	1	1
sp|A6NC42|DPPA5_HUMAN	sp|A6NC42|DPPA5_HUMAN Developmental pluripotency-associated 5 protein OS=Homo sapiens OX=9606 GN=DPPA5 PE=1 SV=1	0.1293	1	1
sp|A8TX70|CO6A5_HUMAN	sp|A8TX70|CO6A5_HUMAN Collagen alpha-5(VI) chain OS=Homo sapiens OX=9606 GN=COL6A5 PE=1 SV=1	0.0065	1	1
sp|Q15370|ELOB_HUMAN	sp|Q15370|ELOB_HUMAN Elongin-B OS=Homo sapiens OX=9606 GN=ELOB PE=1 SV=1	0.1441	1	1
sp|Q16875|F263_HUMAN	sp|Q16875|F263_HUMAN 6-phosphofructo-2-kinase/fructose-2,6-bisphosphatase 3 OS=Homo sapiens OX=9606 GN=PFKFB3 PE=1 SV=1	0.0308	1	1
sp|O75165|DJC13_HUMAN	sp|O75165|DJC13_HUMAN DnaJ homolog subfamily C member 13 OS=Homo sapiens OX=9606 GN=DNAJC13 PE=1 SV=5	0.0080	1	1
sp|P42704|LPPRC_HUMAN	sp|P42704|LPPRC_HUMAN Leucine-rich PPR motif-containing protein, mitochondrial OS=Homo sapiens OX=9606 GN=LRPPRC PE=1 SV=3	0.0122	1	1
sp|O60281|ZN292_HUMAN	sp|O60281|ZN292_HUMAN Zinc finger protein 292 OS=Homo sapiens OX=9606 GN=ZNF292 PE=1 SV=3	0.0055	1	1
sp|O75376|NCOR1_HUMAN	sp|O75376|NCOR1_HUMAN Nuclear receptor corepressor 1 OS=Homo sapiens OX=9606 GN=NCOR1 PE=1 SV=2	0.0066	1	1
sp|Q8NCU7|C2C4A_HUMAN	sp|Q8NCU7|C2C4A_HUMAN C2 calcium-dependent domain-containing protein 4A OS=Homo sapiens OX=9606 GN=C2CD4A PE=1 SV=2	0.0461	1	1
sp|Q9BQG2|NUD12_HUMAN	sp|Q9BQG2|NUD12_HUMAN NAD-capped RNA hydrolase NUDT12 OS=Homo sapiens OX=9606 GN=NUDT12 PE=1 SV=1	0.0368	1	1
sp|O95881|TXD12_HUMAN	sp|O95881|TXD12_HUMAN Thioredoxin domain-containing protein 12 OS=Homo sapiens OX=9606 GN=TXNDC12 PE=1 SV=1	0.0930	1	1
sp|Q9BSF4|TIM29_HUMAN	sp|Q9BSF4|TIM29_HUMAN Mitochondrial import inner membrane translocase subunit Tim29 OS=Homo sapiens OX=9606 GN=TIMM29 PE=1 SV=2	0.0692	1	1
sp|O14682|ENC1_HUMAN	sp|O14682|ENC1_HUMAN Ectoderm-neural cortex protein 1 OS=Homo sapiens OX=9606 GN=ENC1 PE=1 SV=2	0.0238	1	1
sp|Q7Z2Y5|NRK_HUMAN	sp|Q7Z2Y5|NRK_HUMAN Nik-related protein kinase OS=Homo sapiens OX=9606 GN=NRK PE=1 SV=2	0.0101	1	1
sp|Q8IX19|MCEM1_HUMAN	sp|Q8IX19|MCEM1_HUMAN Mast cell-expressed membrane protein 1 OS=Homo sapiens OX=9606 GN=MCEMP1 PE=1 SV=1	0.0856	1	1
sp|Q6PGP7|SKI3_HUMAN	sp|Q6PGP7|SKI3_HUMAN Superkiller complex protein 3 OS=Homo sapiens OX=9606 GN=SKIC3 PE=1 SV=1	0.0102	1	1
sp|Q6ZNJ1|NBEL2_HUMAN	sp|Q6ZNJ1|NBEL2_HUMAN Neurobeachin-like protein 2 OS=Homo sapiens OX=9606 GN=NBEAL2 PE=1 SV=2	0.0062	1	1
sp|Q6IA69|NADE_HUMAN	sp|Q6IA69|NADE_HUMAN Glutamine-dependent NAD(+) synthetase OS=Homo sapiens OX=9606 GN=NADSYN1 PE=1 SV=3	0.0212	1	1
sp|Q14241|ELOA1_HUMAN	sp|Q14241|ELOA1_HUMAN Elongin-A OS=Homo sapiens OX=9606 GN=ELOA PE=1 SV=3	0.0233	1	1
sp|Q8ND76|CCNY_HUMAN	sp|Q8ND76|CCNY_HUMAN Cyclin-Y OS=Homo sapiens OX=9606 GN=CCNY PE=1 SV=2	0.0499	1	1
sp|Q6ZU35|CRACD_HUMAN	sp|Q6ZU35|CRACD_HUMAN Capping protein-inhibiting regulator of actin dynamics OS=Homo sapiens OX=9606 GN=CRACD PE=1 SV=3	0.0122	1	1
sp|Q9UPQ3|AGAP1_HUMAN	sp|Q9UPQ3|AGAP1_HUMAN Arf-GAP with GTPase, ANK repeat and PH domain-containing protein 1 OS=Homo sapiens OX=9606 GN=AGAP1 PE=1 SV=4	0.0198	1	1
sp|Q9Y3M8|STA13_HUMAN	sp|Q9Y3M8|STA13_HUMAN StAR-related lipid transfer protein 13 OS=Homo sapiens OX=9606 GN=STARD13 PE=1 SV=2	0.0135	1	1
sp|P22674|CCNO_HUMAN	sp|P22674|CCNO_HUMAN Cyclin-O OS=Homo sapiens OX=9606 GN=CCNO PE=1 SV=2	0.0543	1	1
sp|Q15147|PLCB4_HUMAN	sp|Q15147|PLCB4_HUMAN 1-phosphatidylinositol 4,5-bisphosphate phosphodiesterase beta-4 OS=Homo sapiens OX=9606 GN=PLCB4 PE=1 SV=3	0.0136	1	1
sp|Q8N3P4|VPS8_HUMAN	sp|Q8N3P4|VPS8_HUMAN Vacuolar protein sorting-associated protein 8 homolog OS=Homo sapiens OX=9606 GN=VPS8 PE=1 SV=3	0.0119	1	1
sp|Q9BTP6|ZBED2_HUMAN	sp|Q9BTP6|ZBED2_HUMAN Zinc finger BED domain-containing protein 2 OS=Homo sapiens OX=9606 GN=ZBED2 PE=1 SV=2	0.0780	1	1
sp|Q8TEW0|PARD3_HUMAN	sp|Q8TEW0|PARD3_HUMAN Partitioning defective 3 homolog OS=Homo sapiens OX=9606 GN=PARD3 PE=1 SV=2	0.0111	1	1
sp|P28358|HXD10_HUMAN	sp|P28358|HXD10_HUMAN Homeobox protein Hox-D10 OS=Homo sapiens OX=9606 GN=HOXD10 PE=1 SV=2	0.0500	1	1
sp|Q9NQX3|GEPH_HUMAN	sp|Q9NQX3|GEPH_HUMAN Gephyrin OS=Homo sapiens OX=9606 GN=GPHN PE=1 SV=1	0.0245	1	1
sp|Q9BWV3|CDAC1_HUMAN	sp|Q9BWV3|CDAC1_HUMAN Cytidine and dCMP deaminase domain-containing protein 1 OS=Homo sapiens OX=9606 GN=CDADC1 PE=1 SV=1	0.0331	1	1
sp|Q13439|GOGA4_HUMAN	sp|Q13439|GOGA4_HUMAN Golgin subfamily A member 4 OS=Homo sapiens OX=9606 GN=GOLGA4 PE=1 SV=1	0.0063	1	1
sp|Q96T88|UHRF1_HUMAN	sp|Q96T88|UHRF1_HUMAN E3 ubiquitin-protein ligase UHRF1 OS=Homo sapiens OX=9606 GN=UHRF1 PE=1 SV=1	0.0227	1	1
sp|Q8NDI1|EHBP1_HUMAN	sp|Q8NDI1|EHBP1_HUMAN EH domain-binding protein 1 OS=Homo sapiens OX=9606 GN=EHBP1 PE=1 SV=3	0.0138	1	1
sp|P09661|RU2A_HUMAN	sp|P09661|RU2A_HUMAN U2 small nuclear ribonucleoprotein A' OS=Homo sapiens OX=9606 GN=SNRPA1 PE=1 SV=2	0.0588	1	1
sp|O14967|CLGN_HUMAN	sp|O14967|CLGN_HUMAN Calmegin OS=Homo sapiens OX=9606 GN=CLGN PE=1 SV=1	0.0311	1	1
sp|Q9BYV1|AGT2_HUMAN	sp|Q9BYV1|AGT2_HUMAN Alanine--glyoxylate aminotransferase 2, mitochondrial OS=Homo sapiens OX=9606 GN=AGXT2 PE=1 SV=1	0.0350	1	1
sp|Q14982|OPCM_HUMAN	sp|Q14982|OPCM_HUMAN Opioid-binding protein/cell adhesion molecule OS=Homo sapiens OX=9606 GN=OPCML PE=1 SV=1	0.0493	1	1
sp|Q8NFP7|NUD10_HUMAN	sp|Q8NFP7|NUD10_HUMAN Diphosphoinositol polyphosphate phosphohydrolase 3-alpha OS=Homo sapiens OX=9606 GN=NUDT10 PE=1 SV=1	0.1220	1	1
sp|Q5TEJ8|THMS2_HUMAN	sp|Q5TEJ8|THMS2_HUMAN Protein THEMIS2 OS=Homo sapiens OX=9606 GN=THEMIS2 PE=1 SV=1	0.0233	1	1
sp|Q6DKI1|RL7L_HUMAN	sp|Q6DKI1|RL7L_HUMAN Ribosomal protein uL30-like OS=Homo sapiens OX=9606 GN=RPL7L1 PE=1 SV=2	0.0588	1	1
sp|Q9UJC5|SH3L2_HUMAN	sp|Q9UJC5|SH3L2_HUMAN SH3 domain-binding glutamic acid-rich-like protein 2 OS=Homo sapiens OX=9606 GN=SH3BGRL2 PE=1 SV=2	0.1589	1	1
sp|Q9NQW8|CNGB3_HUMAN	sp|Q9NQW8|CNGB3_HUMAN Cyclic nucleotide-gated channel beta-3 OS=Homo sapiens OX=9606 GN=CNGB3 PE=1 SV=2	0.0198	1	1
sp|P21675|TAF1_HUMAN	sp|P21675|TAF1_HUMAN Transcription initiation factor TFIID subunit 1 OS=Homo sapiens OX=9606 GN=TAF1 PE=1 SV=3	0.0106	1	1
sp|Q9ULK6|RN150_HUMAN	sp|Q9ULK6|RN150_HUMAN RING finger protein 150 OS=Homo sapiens OX=9606 GN=RNF150 PE=1 SV=2	0.0457	1	1
sp|Q9P2D0|IBTK_HUMAN	sp|Q9P2D0|IBTK_HUMAN Inhibitor of Bruton tyrosine kinase OS=Homo sapiens OX=9606 GN=IBTK PE=1 SV=3	0.0126	1	1
sp|O60266|ADCY3_HUMAN	sp|O60266|ADCY3_HUMAN Adenylate cyclase type 3 OS=Homo sapiens OX=9606 GN=ADCY3 PE=1 SV=3	0.0149	1	1
sp|O60716|CTND1_HUMAN	sp|O60716|CTND1_HUMAN Catenin delta-1 OS=Homo sapiens OX=9606 GN=CTNND1 PE=1 SV=1	0.0155	1	1
sp|P17098|ZNF8_HUMAN	sp|P17098|ZNF8_HUMAN Zinc finger protein 8 OS=Homo sapiens OX=9606 GN=ZNF8 PE=1 SV=2	0.0313	1	1
sp|Q8N5V2|NGEF_HUMAN	sp|Q8N5V2|NGEF_HUMAN Ephexin-1 OS=Homo sapiens OX=9606 GN=NGEF PE=1 SV=2	0.0282	1	1
sp|Q9BXX3|AN30A_HUMAN	sp|Q9BXX3|AN30A_HUMAN Ankyrin repeat domain-containing protein 30A OS=Homo sapiens OX=9606 GN=ANKRD30A PE=1 SV=3	0.0129	1	1
sp|P23467|PTPRB_HUMAN	sp|P23467|PTPRB_HUMAN Receptor-type tyrosine-protein phosphatase beta OS=Homo sapiens OX=9606 GN=PTPRB PE=1 SV=3	0.0075	1	1
sp|Q5FWF6|ZN789_HUMAN	sp|Q5FWF6|ZN789_HUMAN Zinc finger protein 789 OS=Homo sapiens OX=9606 GN=ZNF789 PE=1 SV=3	0.0376	1	1
sp|Q7LBC6|KDM3B_HUMAN	sp|Q7LBC6|KDM3B_HUMAN Lysine-specific demethylase 3B OS=Homo sapiens OX=9606 GN=KDM3B PE=1 SV=2	0.0187	2	2
sp|O95613|PCNT_HUMAN	sp|O95613|PCNT_HUMAN Pericentrin OS=Homo sapiens OX=9606 GN=PCNT PE=1 SV=4	0.0048	1	1
sp|P28329|CLAT_HUMAN	sp|P28329|CLAT_HUMAN Choline O-acetyltransferase OS=Homo sapiens OX=9606 GN=CHAT PE=1 SV=4	0.0227	1	1
sp|O15034|RIMB2_HUMAN	sp|O15034|RIMB2_HUMAN RIMS-binding protein 2 OS=Homo sapiens OX=9606 GN=RIMBP2 PE=1 SV=3	0.0143	1	1
sp|Q8NDG6|TDRD9_HUMAN	sp|Q8NDG6|TDRD9_HUMAN ATP-dependent RNA helicase TDRD9 OS=Homo sapiens OX=9606 GN=TDRD9 PE=1 SV=3	0.0116	1	1
sp|Q49AS3|L37A5_HUMAN	sp|Q49AS3|L37A5_HUMAN Putative protein LRRC37A5P OS=Homo sapiens OX=9606 GN=LRRC37A5P PE=5 SV=3	0.1415	1	1
sp|Q9BSU1|PHAF1_HUMAN	sp|Q9BSU1|PHAF1_HUMAN Phagosome assembly factor 1 OS=Homo sapiens OX=9606 GN=PHAF1 PE=1 SV=1	0.0474	1	1
sp|O75478|TAD2A_HUMAN	sp|O75478|TAD2A_HUMAN Transcriptional adapter 2-alpha OS=Homo sapiens OX=9606 GN=TADA2A PE=1 SV=3	0.0316	1	1
sp|Q12849|GRSF1_HUMAN	sp|Q12849|GRSF1_HUMAN G-rich sequence factor 1 OS=Homo sapiens OX=9606 GN=GRSF1 PE=1 SV=3	0.0312	1	1
sp|O60568|PLOD3_HUMAN	sp|O60568|PLOD3_HUMAN Multifunctional procollagen lysine hydroxylase and glycosyltransferase LH3 OS=Homo sapiens OX=9606 GN=PLOD3 PE=1 SV=1	0.0190	1	1
sp|Q99758|ABCA3_HUMAN	sp|Q99758|ABCA3_HUMAN Phospholipid-transporting ATPase ABCA3 OS=Homo sapiens OX=9606 GN=ABCA3 PE=1 SV=2	0.0088	1	1
sp|Q9NZV8|KCND2_HUMAN	sp|Q9NZV8|KCND2_HUMAN A-type voltage-gated potassium channel KCND2 OS=Homo sapiens OX=9606 GN=KCND2 PE=1 SV=2	0.0270	1	1
sp|Q5JWR5|DOP1A_HUMAN	sp|Q5JWR5|DOP1A_HUMAN Protein DOP1A OS=Homo sapiens OX=9606 GN=DOP1A PE=1 SV=1	0.0053	1	1
sp|Q5TGI4|SAMD5_HUMAN	sp|Q5TGI4|SAMD5_HUMAN Sterile alpha motif domain-containing protein 5 OS=Homo sapiens OX=9606 GN=SAMD5 PE=1 SV=1	0.1040	1	1
sp|P17948|VGFR1_HUMAN	sp|P17948|VGFR1_HUMAN Vascular endothelial growth factor receptor 1 OS=Homo sapiens OX=9606 GN=FLT1 PE=1 SV=2	0.0127	1	1
sp|Q96EK6|GNA1_HUMAN	sp|Q96EK6|GNA1_HUMAN Glucosamine 6-phosphate N-acetyltransferase OS=Homo sapiens OX=9606 GN=GNPNAT1 PE=1 SV=1	0.0924	1	1
sp|Q99996|AKAP9_HUMAN	sp|Q99996|AKAP9_HUMAN A-kinase anchor protein 9 OS=Homo sapiens OX=9606 GN=AKAP9 PE=1 SV=4	0.0036	1	1
sp|P35612|ADDB_HUMAN	sp|P35612|ADDB_HUMAN Beta-adducin OS=Homo sapiens OX=9606 GN=ADD2 PE=1 SV=3	0.0289	1	1
sp|Q9HB75|PIDD1_HUMAN	sp|Q9HB75|PIDD1_HUMAN p53-induced death domain-containing protein 1 OS=Homo sapiens OX=9606 GN=PIDD1 PE=1 SV=2	0.0176	1	1
sp|P16870|CBPE_HUMAN	sp|P16870|CBPE_HUMAN Carboxypeptidase E OS=Homo sapiens OX=9606 GN=CPE PE=1 SV=1	0.0315	1	1
sp|O43529|CHSTA_HUMAN	sp|O43529|CHSTA_HUMAN Carbohydrate sulfotransferase 10 OS=Homo sapiens OX=9606 GN=CHST10 PE=1 SV=1	0.0449	1	1
sp|Q3ZCN5|OTOGL_HUMAN	sp|Q3ZCN5|OTOGL_HUMAN Otogelin-like protein OS=Homo sapiens OX=9606 GN=OTOGL PE=1 SV=6	0.0059	1	1
sp|Q96JX3|SRAC1_HUMAN	sp|Q96JX3|SRAC1_HUMAN Protein SERAC1 OS=Homo sapiens OX=9606 GN=SERAC1 PE=1 SV=1	0.0214	1	1
sp|P18850|ATF6A_HUMAN	sp|P18850|ATF6A_HUMAN Cyclic AMP-dependent transcription factor ATF-6 alpha OS=Homo sapiens OX=9606 GN=ATF6 PE=1 SV=3	0.0224	1	1
sp|Q2TAA8|TXIP1_HUMAN	sp|Q2TAA8|TXIP1_HUMAN Translin-associated factor X-interacting protein 1 OS=Homo sapiens OX=9606 GN=TSNAXIP1 PE=1 SV=1	0.0258	1	1
sp|Q8NFC6|BD1L1_HUMAN	sp|Q8NFC6|BD1L1_HUMAN Biorientation of chromosomes in cell division protein 1-like 1 OS=Homo sapiens OX=9606 GN=BOD1L1 PE=1 SV=2	0.0056	1	1
sp|Q66PJ3|AR6P4_HUMAN	sp|Q66PJ3|AR6P4_HUMAN ADP-ribosylation factor-like protein 6-interacting protein 4 OS=Homo sapiens OX=9606 GN=ARL6IP4 PE=1 SV=3	0.0717	1	1
sp|Q5VU57|CBPC6_HUMAN	sp|Q5VU57|CBPC6_HUMAN Cytosolic carboxypeptidase 6 OS=Homo sapiens OX=9606 GN=AGBL4 PE=1 SV=3	0.0298	1	1
sp|Q8WY36|BBX_HUMAN	sp|Q8WY36|BBX_HUMAN HMG box transcription factor BBX OS=Homo sapiens OX=9606 GN=BBX PE=1 SV=1	0.0181	1	1
sp|A8MWX3|WASH4_HUMAN	sp|A8MWX3|WASH4_HUMAN Putative WAS protein family homolog 4 OS=Homo sapiens OX=9606 GN=WASH4P PE=5 SV=1	0.0377	1	1
sp|Q9Y490|TLN1_HUMAN	sp|Q9Y490|TLN1_HUMAN Talin-1 OS=Homo sapiens OX=9606 GN=TLN1 PE=1 SV=3	0.0059	1	1
sp|H0YM25|GG6LV_HUMAN	sp|H0YM25|GG6LV_HUMAN Golgin subfamily A member 6-like protein 22 OS=Homo sapiens OX=9606 GN=GOLGA6L22 PE=3 SV=3	0.0176	1	1
sp|O15049|N4BP3_HUMAN	sp|O15049|N4BP3_HUMAN NEDD4-binding protein 3 OS=Homo sapiens OX=9606 GN=N4BP3 PE=1 SV=3	0.0276	1	1
sp|Q9BW19|KIFC1_HUMAN	sp|Q9BW19|KIFC1_HUMAN Kinesin-like protein KIFC1 OS=Homo sapiens OX=9606 GN=KIFC1 PE=1 SV=2	0.0208	1	1
sp|P25874|UCP1_HUMAN	sp|P25874|UCP1_HUMAN Mitochondrial brown fat uncoupling protein 1 OS=Homo sapiens OX=9606 GN=UCP1 PE=1 SV=3	0.0586	1	1
sp|Q9BRQ4|CF300_HUMAN	sp|Q9BRQ4|CF300_HUMAN Cilia- and flagella-associated protein 300 OS=Homo sapiens OX=9606 GN=CFAP300 PE=1 SV=3	0.0562	1	1
sp|Q4L235|ACSF4_HUMAN	sp|Q4L235|ACSF4_HUMAN Beta-alanine-activating enzyme OS=Homo sapiens OX=9606 GN=AASDH PE=1 SV=3	0.0155	1	1
sp|Q96MW7|TIGD1_HUMAN	sp|Q96MW7|TIGD1_HUMAN Tigger transposable element-derived protein 1 OS=Homo sapiens OX=9606 GN=TIGD1 PE=1 SV=1	0.0254	1	1
sp|Q86VZ5|SMS1_HUMAN	sp|Q86VZ5|SMS1_HUMAN Phosphatidylcholine:ceramide cholinephosphotransferase 1 OS=Homo sapiens OX=9606 GN=SGMS1 PE=1 SV=3	0.0412	1	1
sp|Q13367|AP3B2_HUMAN	sp|Q13367|AP3B2_HUMAN AP-3 complex subunit beta-2 OS=Homo sapiens OX=9606 GN=AP3B2 PE=1 SV=2	0.0157	1	1
sp|Q15262|PTPRK_HUMAN	sp|Q15262|PTPRK_HUMAN Receptor-type tyrosine-protein phosphatase kappa OS=Homo sapiens OX=9606 GN=PTPRK PE=1 SV=2	0.0111	1	1
sp|Q9BZ29|DOCK9_HUMAN	sp|Q9BZ29|DOCK9_HUMAN Dedicator of cytokinesis protein 9 OS=Homo sapiens OX=9606 GN=DOCK9 PE=1 SV=2	0.0063	1	1
sp|Q8N1G2|CMTR1_HUMAN	sp|Q8N1G2|CMTR1_HUMAN Cap-specific mRNA (nucleoside-2'-O-)-methyltransferase 1 OS=Homo sapiens OX=9606 GN=CMTR1 PE=1 SV=1	0.0192	1	1
sp|Q6MZP7|LIN54_HUMAN	sp|Q6MZP7|LIN54_HUMAN Protein lin-54 homolog OS=Homo sapiens OX=9606 GN=LIN54 PE=1 SV=3	0.0214	1	1
sp|Q01970|PLCB3_HUMAN	sp|Q01970|PLCB3_HUMAN 1-phosphatidylinositol 4,5-bisphosphate phosphodiesterase beta-3 OS=Homo sapiens OX=9606 GN=PLCB3 PE=1 SV=2	0.0122	1	1
sp|O14649|KCNK3_HUMAN	sp|O14649|KCNK3_HUMAN Potassium channel subfamily K member 3 OS=Homo sapiens OX=9606 GN=KCNK3 PE=1 SV=1	0.0330	1	1
sp|Q9UGF5|O14J1_HUMAN	sp|Q9UGF5|O14J1_HUMAN Olfactory receptor 14J1 OS=Homo sapiens OX=9606 GN=OR14J1 PE=2 SV=1	0.0467	1	1
sp|Q14980|NUMA1_HUMAN	sp|Q14980|NUMA1_HUMAN Nuclear mitotic apparatus protein 1 OS=Homo sapiens OX=9606 GN=NUMA1 PE=1 SV=2	0.0076	1	1
sp|Q9H2C5|O52A5_HUMAN	sp|Q9H2C5|O52A5_HUMAN Olfactory receptor 52A5 OS=Homo sapiens OX=9606 GN=OR52A5 PE=3 SV=1	0.0411	1	1
sp|Q92482|AQP3_HUMAN	sp|Q92482|AQP3_HUMAN Aquaporin-3 OS=Homo sapiens OX=9606 GN=AQP3 PE=1 SV=2	0.0514	1	1
sp|Q92805|GOGA1_HUMAN	sp|Q92805|GOGA1_HUMAN Golgin subfamily A member 1 OS=Homo sapiens OX=9606 GN=GOLGA1 PE=1 SV=3	0.0235	1	1
sp|Q8N7B9|EFCB3_HUMAN	sp|Q8N7B9|EFCB3_HUMAN EF-hand calcium-binding domain-containing protein 3 OS=Homo sapiens OX=9606 GN=EFCAB3 PE=1 SV=1	0.0434	1	1
sp|Q7Z404|TMC4_HUMAN	sp|Q7Z404|TMC4_HUMAN Voltage-gated chloride channel TMC4 OS=Homo sapiens OX=9606 GN=TMC4 PE=1 SV=3	0.0253	1	1
sp|Q92750|TAF4B_HUMAN	sp|Q92750|TAF4B_HUMAN Transcription initiation factor TFIID subunit 4B OS=Homo sapiens OX=9606 GN=TAF4B PE=1 SV=2	0.0151	1	1
sp|O00754|MA2B1_HUMAN	sp|O00754|MA2B1_HUMAN Lysosomal alpha-mannosidase OS=Homo sapiens OX=9606 GN=MAN2B1 PE=1 SV=3	0.0138	1	1
sp|Q9H7B4|SMYD3_HUMAN	sp|Q9H7B4|SMYD3_HUMAN Histone-lysine N-methyltransferase SMYD3 OS=Homo sapiens OX=9606 GN=SMYD3 PE=1 SV=4	0.0350	1	1
sp|Q92945|FUBP2_HUMAN	sp|Q92945|FUBP2_HUMAN Far upstream element-binding protein 2 OS=Homo sapiens OX=9606 GN=KHSRP PE=1 SV=4	0.0281	1	1
sp|Q96BU1|S1PBP_HUMAN	sp|Q96BU1|S1PBP_HUMAN S100P-binding protein OS=Homo sapiens OX=9606 GN=S100PBP PE=1 SV=1	0.0417	1	1
sp|Q9BTV7|CABL2_HUMAN	sp|Q9BTV7|CABL2_HUMAN CDK5 and ABL1 enzyme substrate 2 OS=Homo sapiens OX=9606 GN=CABLES2 PE=1 SV=3	0.0314	1	1
sp|Q9P225|DYH2_HUMAN	sp|Q9P225|DYH2_HUMAN Dynein axonemal heavy chain 2 OS=Homo sapiens OX=9606 GN=DNAH2 PE=1 SV=3	0.0034	1	1
sp|P23634|AT2B4_HUMAN	sp|P23634|AT2B4_HUMAN Plasma membrane calcium-transporting ATPase 4 OS=Homo sapiens OX=9606 GN=ATP2B4 PE=1 SV=2	0.0145	1	1
sp|Q14789|GOGB1_HUMAN	sp|Q14789|GOGB1_HUMAN Golgin subfamily B member 1 OS=Homo sapiens OX=9606 GN=GOLGB1 PE=1 SV=2	0.0052	1	1
sp|Q8IZF0|NALCN_HUMAN	sp|Q8IZF0|NALCN_HUMAN Sodium leak channel NALCN OS=Homo sapiens OX=9606 GN=NALCN PE=1 SV=1	0.0081	1	1
sp|P62314|SMD1_HUMAN	sp|P62314|SMD1_HUMAN Small nuclear ribonucleoprotein Sm D1 OS=Homo sapiens OX=9606 GN=SNRPD1 PE=1 SV=1	0.1345	1	1
sp|O14511|NRG2_HUMAN	sp|O14511|NRG2_HUMAN Pro-neuregulin-2, membrane-bound isoform OS=Homo sapiens OX=9606 GN=NRG2 PE=1 SV=1	0.0188	1	1
sp|Q8IX21|SLF2_HUMAN	sp|Q8IX21|SLF2_HUMAN SMC5-SMC6 complex localization factor protein 2 OS=Homo sapiens OX=9606 GN=SLF2 PE=1 SV=2	0.0128	1	1
sp|Q8IUR6|CRERF_HUMAN	sp|Q8IUR6|CRERF_HUMAN CREB3 regulatory factor OS=Homo sapiens OX=9606 GN=CREBRF PE=1 SV=2	0.0250	1	1
sp|Q13588|GRAP_HUMAN	sp|Q13588|GRAP_HUMAN GRB2-related adapter protein OS=Homo sapiens OX=9606 GN=GRAP PE=1 SV=1	0.0737	1	1
sp|A6NNM8|TTL13_HUMAN	sp|A6NNM8|TTL13_HUMAN Tubulin polyglutamylase TTLL13 OS=Homo sapiens OX=9606 GN=TTLL13 PE=1 SV=2	0.0209	1	1
sp|Q8TD57|DYH3_HUMAN	sp|Q8TD57|DYH3_HUMAN Dynein axonemal heavy chain 3 OS=Homo sapiens OX=9606 GN=DNAH3 PE=1 SV=1	0.0041	1	1
sp|Q8NGS8|O13C5_HUMAN	sp|Q8NGS8|O13C5_HUMAN Olfactory receptor 13C5 OS=Homo sapiens OX=9606 GN=OR13C5 PE=2 SV=1	0.0503	1	1
sp|Q9Y6Y9|LY96_HUMAN	sp|Q9Y6Y9|LY96_HUMAN Lymphocyte antigen 96 OS=Homo sapiens OX=9606 GN=LY96 PE=1 SV=2	0.1000	1	1
sp|Q9Y2X3|NOP58_HUMAN	sp|Q9Y2X3|NOP58_HUMAN Nucleolar protein 58 OS=Homo sapiens OX=9606 GN=NOP58 PE=1 SV=1	0.0302	1	1
sp|A6NHL2|TBAL3_HUMAN	sp|A6NHL2|TBAL3_HUMAN Tubulin alpha chain-like 3 OS=Homo sapiens OX=9606 GN=TUBAL3 PE=1 SV=2	0.0359	1	1
sp|O75554|WBP4_HUMAN	sp|O75554|WBP4_HUMAN WW domain-binding protein 4 OS=Homo sapiens OX=9606 GN=WBP4 PE=1 SV=1	0.0479	1	1
sp|Q92738|US6NL_HUMAN	sp|Q92738|US6NL_HUMAN USP6 N-terminal-like protein OS=Homo sapiens OX=9606 GN=USP6NL PE=1 SV=3	0.0217	1	1
sp|P01037|CYTN_HUMAN	sp|P01037|CYTN_HUMAN Cystatin-SN OS=Homo sapiens OX=9606 GN=CST1 PE=1 SV=3	0.1135	1	1
sp|Q9Y4F5|C170B_HUMAN	sp|Q9Y4F5|C170B_HUMAN Centrosomal protein of 170 kDa protein B OS=Homo sapiens OX=9606 GN=CEP170B PE=1 SV=4	0.0101	1	1
sp|Q7Z572|SPT21_HUMAN	sp|Q7Z572|SPT21_HUMAN Spermatogenesis-associated protein 21 OS=Homo sapiens OX=9606 GN=SPATA21 PE=2 SV=3	0.0320	1	1
sp|Q9H611|PIF1_HUMAN	sp|Q9H611|PIF1_HUMAN ATP-dependent DNA helicase PIF1 OS=Homo sapiens OX=9606 GN=PIF1 PE=1 SV=2	0.0218	1	1
sp|Q9NYU1|UGGG2_HUMAN	sp|Q9NYU1|UGGG2_HUMAN UDP-glucose:glycoprotein glucosyltransferase 2 OS=Homo sapiens OX=9606 GN=UGGT2 PE=1 SV=4	0.0092	1	1
sp|Q5CZC0|FSIP2_HUMAN	sp|Q5CZC0|FSIP2_HUMAN Fibrous sheath-interacting protein 2 OS=Homo sapiens OX=9606 GN=FSIP2 PE=1 SV=4	0.0022	1	1
sp|Q9UQB3|CTND2_HUMAN	sp|Q9UQB3|CTND2_HUMAN Catenin delta-2 OS=Homo sapiens OX=9606 GN=CTNND2 PE=1 SV=3	0.0147	1	1
sp|Q8N184|ZN567_HUMAN	sp|Q8N184|ZN567_HUMAN Zinc finger protein 567 OS=Homo sapiens OX=9606 GN=ZNF567 PE=1 SV=3	0.0294	1	1
sp|Q5GJ75|TP8L3_HUMAN	sp|Q5GJ75|TP8L3_HUMAN Tumor necrosis factor alpha-induced protein 8-like protein 3 OS=Homo sapiens OX=9606 GN=TNFAIP8L3 PE=1 SV=1	0.0616	1	1
sp|P09913|IFIT2_HUMAN	sp|P09913|IFIT2_HUMAN Interferon-induced protein with tetratricopeptide repeats 2 OS=Homo sapiens OX=9606 GN=IFIT2 PE=1 SV=1	0.0360	1	1
sp|P78344|IF4G2_HUMAN	sp|P78344|IF4G2_HUMAN Eukaryotic translation initiation factor 4 gamma 2 OS=Homo sapiens OX=9606 GN=EIF4G2 PE=1 SV=1	0.0143	1	1
sp|Q15583|TGIF1_HUMAN	sp|Q15583|TGIF1_HUMAN Homeobox protein TGIF1 OS=Homo sapiens OX=9606 GN=TGIF1 PE=1 SV=3	0.0449	1	1
sp|O75064|DEN4B_HUMAN	sp|O75064|DEN4B_HUMAN DENN domain-containing protein 4B OS=Homo sapiens OX=9606 GN=DENND4B PE=1 SV=4	0.0087	1	1
sp|Q0P670|SPEM2_HUMAN	sp|Q0P670|SPEM2_HUMAN Uncharacterized protein SPEM2 OS=Homo sapiens OX=9606 GN=SPEM2 PE=1 SV=2	0.0359	1	1
sp|Q9P2K9|DISP3_HUMAN	sp|Q9P2K9|DISP3_HUMAN Protein dispatched homolog 3 OS=Homo sapiens OX=9606 GN=DISP3 PE=1 SV=2	0.0129	1	1
sp|Q9Y5F7|PCDGL_HUMAN	sp|Q9Y5F7|PCDGL_HUMAN Protocadherin gamma-C4 OS=Homo sapiens OX=9606 GN=PCDHGC4 PE=1 SV=1	0.0181	1	1
sp|Q9Y4G6|TLN2_HUMAN	sp|Q9Y4G6|TLN2_HUMAN Talin-2 OS=Homo sapiens OX=9606 GN=TLN2 PE=1 SV=4	0.0079	1	1
sp|A6NCI4|VWA3A_HUMAN	sp|A6NCI4|VWA3A_HUMAN von Willebrand factor A domain-containing protein 3A OS=Homo sapiens OX=9606 GN=VWA3A PE=1 SV=3	0.0144	1	1
sp|P62854|RS26_HUMAN	sp|P62854|RS26_HUMAN Small ribosomal subunit protein eS26 OS=Homo sapiens OX=9606 GN=RPS26 PE=1 SV=3	0.1391	1	1
sp|Q8IXM2|BAP18_HUMAN	sp|Q8IXM2|BAP18_HUMAN BPTF-associated chromatin complex component 1 OS=Homo sapiens OX=9606 GN=BACC1 PE=1 SV=1	0.0930	1	1
sp|Q9H5I5|PIEZ2_HUMAN	sp|Q9H5I5|PIEZ2_HUMAN Piezo-type mechanosensitive ion channel component 2 OS=Homo sapiens OX=9606 GN=PIEZO2 PE=1 SV=2	0.0065	1	1
sp|Q8TCU6|PREX1_HUMAN	sp|Q8TCU6|PREX1_HUMAN Phosphatidylinositol 3,4,5-trisphosphate-dependent Rac exchanger 1 protein OS=Homo sapiens OX=9606 GN=PREX1 PE=1 SV=3	0.0096	1	1
sp|P04035|HMDH_HUMAN	sp|P04035|HMDH_HUMAN 3-hydroxy-3-methylglutaryl-coenzyme A reductase OS=Homo sapiens OX=9606 GN=HMGCR PE=1 SV=1	0.0191	1	1
sp|Q8NEY1|NAV1_HUMAN	sp|Q8NEY1|NAV1_HUMAN Neuron navigator 1 OS=Homo sapiens OX=9606 GN=NAV1 PE=1 SV=2	0.0170	2	2
sp|Q7Z6Z7|HUWE1_HUMAN	sp|Q7Z6Z7|HUWE1_HUMAN E3 ubiquitin-protein ligase HUWE1 OS=Homo sapiens OX=9606 GN=HUWE1 PE=1 SV=3	0.0037	1	1
sp|Q8N3C7|CLIP4_HUMAN	sp|Q8N3C7|CLIP4_HUMAN CAP-Gly domain-containing linker protein 4 OS=Homo sapiens OX=9606 GN=CLIP4 PE=1 SV=1	0.0227	1	1
sp|Q9UBG3|CRNN_HUMAN	sp|Q9UBG3|CRNN_HUMAN Cornulin OS=Homo sapiens OX=9606 GN=CRNN PE=1 SV=1	0.0303	1	1
sp|A0A1W2PP81|TFKL5_HUMAN	sp|A0A1W2PP81|TFKL5_HUMAN TATA-box-binding protein-associated factor 11-like protein 5 OS=Homo sapiens OX=9606 GN=TAF11L5 PE=2 SV=1	0.1162	1	1
sp|A6NM62|LRC53_HUMAN	sp|A6NM62|LRC53_HUMAN Leucine-rich repeat-containing protein 53 OS=Homo sapiens OX=9606 GN=LRRC53 PE=4 SV=2	0.0120	1	1
sp|O43143|DHX15_HUMAN	sp|O43143|DHX15_HUMAN ATP-dependent RNA helicase DHX15 OS=Homo sapiens OX=9606 GN=DHX15 PE=1 SV=2	0.0226	1	1
sp|O15266|SHOX_HUMAN	sp|O15266|SHOX_HUMAN Short stature homeobox protein OS=Homo sapiens OX=9606 GN=SHOX PE=1 SV=1	0.0548	1	1
sp|Q8IWV7|UBR1_HUMAN	sp|Q8IWV7|UBR1_HUMAN E3 ubiquitin-protein ligase UBR1 OS=Homo sapiens OX=9606 GN=UBR1 PE=1 SV=1	0.0103	1	1
sp|P78415|IRX3_HUMAN	sp|P78415|IRX3_HUMAN Iroquois-class homeodomain protein IRX-3 OS=Homo sapiens OX=9606 GN=IRX3 PE=1 SV=3	0.0359	1	1
sp|O94856|NFASC_HUMAN	sp|O94856|NFASC_HUMAN Neurofascin OS=Homo sapiens OX=9606 GN=NFASC PE=1 SV=4	0.0111	1	1
sp|Q96JG8|MAGD4_HUMAN	sp|Q96JG8|MAGD4_HUMAN Melanoma-associated antigen D4 OS=Homo sapiens OX=9606 GN=MAGED4 PE=1 SV=3	0.0202	1	1
sp|Q96S52|PIGS_HUMAN	sp|Q96S52|PIGS_HUMAN GPI-anchor transamidase component PIGS OS=Homo sapiens OX=9606 GN=PIGS PE=1 SV=3	0.0252	1	1
sp|Q8IVL1|NAV2_HUMAN	sp|Q8IVL1|NAV2_HUMAN Neuron navigator 2 OS=Homo sapiens OX=9606 GN=NAV2 PE=1 SV=3	0.0072	1	1
sp|Q9NYF0|DACT1_HUMAN	sp|Q9NYF0|DACT1_HUMAN Dapper homolog 1 OS=Homo sapiens OX=9606 GN=DACT1 PE=1 SV=2	0.0167	1	1
sp|Q12767|TMM94_HUMAN	sp|Q12767|TMM94_HUMAN Transmembrane protein 94 OS=Homo sapiens OX=9606 GN=TMEM94 PE=1 SV=1	0.0111	1	1
sp|O75443|TECTA_HUMAN	sp|O75443|TECTA_HUMAN Alpha-tectorin OS=Homo sapiens OX=9606 GN=TECTA PE=1 SV=3	0.0079	1	1
sp|P20929|NEBU_HUMAN	sp|P20929|NEBU_HUMAN Nebulin OS=Homo sapiens OX=9606 GN=NEB PE=1 SV=6	0.0040	2	2
sp|O60673|REV3L_HUMAN	sp|O60673|REV3L_HUMAN DNA polymerase zeta catalytic subunit OS=Homo sapiens OX=9606 GN=REV3L PE=1 SV=2	0.0054	1	1
sp|Q9BYX2|TBD2A_HUMAN	sp|Q9BYX2|TBD2A_HUMAN TBC1 domain family member 2A OS=Homo sapiens OX=9606 GN=TBC1D2 PE=1 SV=3	0.0151	1	1
sp|O95248|MTMR5_HUMAN	sp|O95248|MTMR5_HUMAN Myotubularin-related protein 5 OS=Homo sapiens OX=9606 GN=SBF1 PE=1 SV=4	0.0086	1	1
sp|Q96SB3|NEB2_HUMAN	sp|Q96SB3|NEB2_HUMAN Neurabin-2 OS=Homo sapiens OX=9606 GN=PPP1R9B PE=1 SV=3	0.0171	1	1
sp|Q8IVV2|LOXH1_HUMAN	sp|Q8IVV2|LOXH1_HUMAN Lipoxygenase homology domain-containing protein 1 OS=Homo sapiens OX=9606 GN=LOXHD1 PE=2 SV=4	0.0073	1	1
sp|P11310|ACADM_HUMAN	sp|P11310|ACADM_HUMAN Medium-chain specific acyl-CoA dehydrogenase, mitochondrial OS=Homo sapiens OX=9606 GN=ACADM PE=1 SV=1	0.0380	1	1
sp|Q9BZD7|TMG3_HUMAN	sp|Q9BZD7|TMG3_HUMAN Transmembrane gamma-carboxyglutamic acid protein 3 OS=Homo sapiens OX=9606 GN=PRRG3 PE=1 SV=2	0.0779	1	1
sp|O15018|PDZD2_HUMAN	sp|O15018|PDZD2_HUMAN PDZ domain-containing protein 2 OS=Homo sapiens OX=9606 GN=PDZD2 PE=1 SV=4	0.0106	2	2
sp|Q8WXI7|MUC16_HUMAN	sp|Q8WXI7|MUC16_HUMAN Mucin-16 OS=Homo sapiens OX=9606 GN=MUC16 PE=1 SV=3	0.0012	1	1
sp|Q8IUG5|MY18B_HUMAN	sp|Q8IUG5|MY18B_HUMAN Unconventional myosin-XVIIIb OS=Homo sapiens OX=9606 GN=MYO18B PE=1 SV=2	0.0070	1	1
sp|P09960|LKHA4_HUMAN	sp|P09960|LKHA4_HUMAN Leukotriene A-4 hydrolase OS=Homo sapiens OX=9606 GN=LTA4H PE=1 SV=2	0.0295	1	1
sp|A6NDY2|F90AA_HUMAN	sp|A6NDY2|F90AA_HUMAN Protein FAM90A10 OS=Homo sapiens OX=9606 GN=FAM90A10 PE=3 SV=1	0.0409	1	1
sp|P30622|CLIP1_HUMAN	sp|P30622|CLIP1_HUMAN CAP-Gly domain-containing linker protein 1 OS=Homo sapiens OX=9606 GN=CLIP1 PE=1 SV=2	0.0229	2	2
sp|O14709|ZN197_HUMAN	sp|O14709|ZN197_HUMAN Zinc finger protein 197 OS=Homo sapiens OX=9606 GN=ZNF197 PE=1 SV=1	0.0126	1	1
sp|Q96J66|MRP8_HUMAN	sp|Q96J66|MRP8_HUMAN ATP-binding cassette sub-family C member 11 OS=Homo sapiens OX=9606 GN=ABCC11 PE=1 SV=1	0.0123	1	1
sp|Q8NFU7|TET1_HUMAN	sp|Q8NFU7|TET1_HUMAN Methylcytosine dioxygenase TET1 OS=Homo sapiens OX=9606 GN=TET1 PE=1 SV=2	0.0089	1	1
sp|Q7Z5J8|ANKAR_HUMAN	sp|Q7Z5J8|ANKAR_HUMAN Ankyrin and armadillo repeat-containing protein OS=Homo sapiens OX=9606 GN=ANKAR PE=1 SV=3	0.0112	1	1
sp|P49913|CAMP_HUMAN	sp|P49913|CAMP_HUMAN Cathelicidin antimicrobial peptide OS=Homo sapiens OX=9606 GN=CAMP PE=1 SV=1	0.1000	1	1
sp|Q6PGN9|PSRC1_HUMAN	sp|Q6PGN9|PSRC1_HUMAN Proline/serine-rich coiled-coil protein 1 OS=Homo sapiens OX=9606 GN=PSRC1 PE=1 SV=1	0.0441	1	1
sp|Q09013|DMPK_HUMAN	sp|Q09013|DMPK_HUMAN Myotonin-protein kinase OS=Homo sapiens OX=9606 GN=DMPK PE=1 SV=3	0.0270	1	1
sp|Q6AI14|SL9A4_HUMAN	sp|Q6AI14|SL9A4_HUMAN Sodium/hydrogen exchanger 4 OS=Homo sapiens OX=9606 GN=SLC9A4 PE=1 SV=2	0.0226	1	1
sp|Q5T4F7|SFRP5_HUMAN	sp|Q5T4F7|SFRP5_HUMAN Secreted frizzled-related protein 5 OS=Homo sapiens OX=9606 GN=SFRP5 PE=1 SV=3	0.0505	1	1
sp|Q6ZRQ5|MMS22_HUMAN	sp|Q6ZRQ5|MMS22_HUMAN Protein MMS22-like OS=Homo sapiens OX=9606 GN=MMS22L PE=1 SV=3	0.0113	1	1
sp|Q9UQB8|BAIP2_HUMAN	sp|Q9UQB8|BAIP2_HUMAN BAR/IMD domain-containing adapter protein 2 OS=Homo sapiens OX=9606 GN=BAIAP2 PE=1 SV=1	0.0290	1	1
sp|Q9NPG4|PCD12_HUMAN	sp|Q9NPG4|PCD12_HUMAN Protocadherin-12 OS=Homo sapiens OX=9606 GN=PCDH12 PE=1 SV=1	0.0118	1	1
sp|O60239|3BP5_HUMAN	sp|O60239|3BP5_HUMAN SH3 domain-binding protein 5 OS=Homo sapiens OX=9606 GN=SH3BP5 PE=1 SV=2	0.0484	1	1
sp|Q9P2D7|DYH1_HUMAN	sp|Q9P2D7|DYH1_HUMAN Dynein axonemal heavy chain 1 OS=Homo sapiens OX=9606 GN=DNAH1 PE=1 SV=6	0.0038	1	1
sp|O75449|KTNA1_HUMAN	sp|O75449|KTNA1_HUMAN Katanin p60 ATPase-containing subunit A1 OS=Homo sapiens OX=9606 GN=KATNA1 PE=1 SV=1	0.0407	1	1
sp|Q7KZN9|COX15_HUMAN	sp|Q7KZN9|COX15_HUMAN Heme A synthase COX15 OS=Homo sapiens OX=9606 GN=COX15 PE=1 SV=1	0.0366	1	1
sp|Q86VI3|IQGA3_HUMAN	sp|Q86VI3|IQGA3_HUMAN Ras GTPase-activating-like protein IQGAP3 OS=Homo sapiens OX=9606 GN=IQGAP3 PE=1 SV=2	0.0086	1	1
sp|Q9BRS2|RIOK1_HUMAN	sp|Q9BRS2|RIOK1_HUMAN Serine/threonine-protein kinase RIO1 OS=Homo sapiens OX=9606 GN=RIOK1 PE=1 SV=2	0.0246	1	1
sp|P07333|CSF1R_HUMAN	sp|P07333|CSF1R_HUMAN Macrophage colony-stimulating factor 1 receptor OS=Homo sapiens OX=9606 GN=CSF1R PE=1 SV=2	0.0165	1	1
sp|Q13496|MTM1_HUMAN	sp|Q13496|MTM1_HUMAN Myotubularin OS=Homo sapiens OX=9606 GN=MTM1 PE=1 SV=2	0.0265	1	1
sp|Q6H9L7|ISM2_HUMAN	sp|Q6H9L7|ISM2_HUMAN Isthmin-2 OS=Homo sapiens OX=9606 GN=ISM2 PE=1 SV=1	0.0333	1	1
sp|P18084|ITB5_HUMAN	sp|P18084|ITB5_HUMAN Integrin beta-5 OS=Homo sapiens OX=9606 GN=ITGB5 PE=1 SV=1	0.0225	1	1
sp|A0A087WXM9|MEIKN_HUMAN	sp|A0A087WXM9|MEIKN_HUMAN Meiosis-specific kinetochore protein OS=Homo sapiens OX=9606 GN=MEIKIN PE=1 SV=2	0.0402	1	1
sp|O75694|NU155_HUMAN	sp|O75694|NU155_HUMAN Nuclear pore complex protein Nup155 OS=Homo sapiens OX=9606 GN=NUP155 PE=1 SV=1	0.0108	1	1
sp|P20592|MX2_HUMAN	sp|P20592|MX2_HUMAN Interferon-induced GTP-binding protein Mx2 OS=Homo sapiens OX=9606 GN=MX2 PE=1 SV=1	0.0210	1	1
sp|Q96GR2|ACBG1_HUMAN	sp|Q96GR2|ACBG1_HUMAN Long-chain-fatty-acid--CoA ligase ACSBG1 OS=Homo sapiens OX=9606 GN=ACSBG1 PE=1 SV=2	0.0166	1	1
sp|Q9UIA0|CYH4_HUMAN	sp|Q9UIA0|CYH4_HUMAN Cytohesin-4 OS=Homo sapiens OX=9606 GN=CYTH4 PE=1 SV=1	0.0406	1	1
sp|Q8N8L2|ZN491_HUMAN	sp|Q8N8L2|ZN491_HUMAN Zinc finger protein 491 OS=Homo sapiens OX=9606 GN=ZNF491 PE=1 SV=1	0.0412	1	1
sp|Q2M2D7|TBC28_HUMAN	sp|Q2M2D7|TBC28_HUMAN TBC1 domain family member 28 OS=Homo sapiens OX=9606 GN=TBC1D28 PE=2 SV=1	0.0667	1	1
sp|Q86VF7|NRAP_HUMAN	sp|Q86VF7|NRAP_HUMAN Nebulin-related-anchoring protein OS=Homo sapiens OX=9606 GN=NRAP PE=1 SV=2	0.0098	1	1
sp|Q9NS25|SPNXB_HUMAN	sp|Q9NS25|SPNXB_HUMAN Sperm protein associated with the nucleus on the X chromosome B1 OS=Homo sapiens OX=9606 GN=SPANXB1 PE=1 SV=2	0.1553	1	1
sp|Q9BPW5|RSLBB_HUMAN	sp|Q9BPW5|RSLBB_HUMAN Ras-like protein family member 11B OS=Homo sapiens OX=9606 GN=RASL11B PE=1 SV=1	0.0685	1	1
sp|Q9NS56|TOPRS_HUMAN	sp|Q9NS56|TOPRS_HUMAN E3 ubiquitin-protein ligase Topors OS=Homo sapiens OX=9606 GN=TOPORS PE=1 SV=1	0.0344	2	2
sp|P07437|TBB5_HUMAN	sp|P07437|TBB5_HUMAN Tubulin beta chain OS=Homo sapiens OX=9606 GN=TUBB PE=1 SV=2	0.0405	1	1
sp|P28838|AMPL_HUMAN	sp|P28838|AMPL_HUMAN Cytosol aminopeptidase OS=Homo sapiens OX=9606 GN=LAP3 PE=1 SV=3	0.0289	1	1
sp|Q9C0H5|RHG39_HUMAN	sp|Q9C0H5|RHG39_HUMAN Rho GTPase-activating protein 39 OS=Homo sapiens OX=9606 GN=ARHGAP39 PE=1 SV=2	0.0148	1	1
sp|Q14690|RRP5_HUMAN	sp|Q14690|RRP5_HUMAN Protein RRP5 homolog OS=Homo sapiens OX=9606 GN=PDCD11 PE=1 SV=3	0.0080	1	1
sp|Q9NVV9|THAP1_HUMAN	sp|Q9NVV9|THAP1_HUMAN THAP domain-containing protein 1 OS=Homo sapiens OX=9606 GN=THAP1 PE=1 SV=1	0.0798	1	1
sp|Q9P2K1|C2D2A_HUMAN	sp|Q9P2K1|C2D2A_HUMAN Coiled-coil and C2 domain-containing protein 2A OS=Homo sapiens OX=9606 GN=CC2D2A PE=1 SV=3	0.0105	1	1
sp|Q96EP0|RNF31_HUMAN	sp|Q96EP0|RNF31_HUMAN E3 ubiquitin-protein ligase RNF31 OS=Homo sapiens OX=9606 GN=RNF31 PE=1 SV=1	0.0131	1	1
sp|P82987|ATL3_HUMAN	sp|P82987|ATL3_HUMAN ADAMTS-like protein 3 OS=Homo sapiens OX=9606 GN=ADAMTSL3 PE=1 SV=4	0.0089	1	1
sp|Q8IVF4|DYH10_HUMAN	sp|Q8IVF4|DYH10_HUMAN Dynein axonemal heavy chain 10 OS=Homo sapiens OX=9606 GN=DNAH10 PE=1 SV=4	0.0034	1	1
sp|Q5T013|HYI_HUMAN	sp|Q5T013|HYI_HUMAN Putative hydroxypyruvate isomerase OS=Homo sapiens OX=9606 GN=HYI PE=1 SV=2	0.0794	2	2
sp|Q9Y239|NOD1_HUMAN	sp|Q9Y239|NOD1_HUMAN Nucleotide-binding oligomerization domain-containing protein 1 OS=Homo sapiens OX=9606 GN=NOD1 PE=1 SV=1	0.0168	1	1
sp|Q7Z3B4|NUP54_HUMAN	sp|Q7Z3B4|NUP54_HUMAN Nucleoporin p54 OS=Homo sapiens OX=9606 GN=NUP54 PE=1 SV=2	0.0256	1	1
sp|Q4G163|FBX43_HUMAN	sp|Q4G163|FBX43_HUMAN F-box only protein 43 OS=Homo sapiens OX=9606 GN=FBXO43 PE=1 SV=3	0.0212	1	1
sp|Q96M32|KAD7_HUMAN	sp|Q96M32|KAD7_HUMAN Adenylate kinase 7 OS=Homo sapiens OX=9606 GN=AK7 PE=1 SV=3	0.0207	1	1
sp|Q9BY76|ANGL4_HUMAN	sp|Q9BY76|ANGL4_HUMAN Angiopoietin-related protein 4 OS=Homo sapiens OX=9606 GN=ANGPTL4 PE=1 SV=2	0.0419	1	1
sp|Q9UPW8|UN13A_HUMAN	sp|Q9UPW8|UN13A_HUMAN Protein unc-13 homolog A OS=Homo sapiens OX=9606 GN=UNC13A PE=1 SV=4	0.0094	1	1
sp|Q9P281|BAHC1_HUMAN	sp|Q9P281|BAHC1_HUMAN BAH and coiled-coil domain-containing protein 1 OS=Homo sapiens OX=9606 GN=BAHCC1 PE=1 SV=4	0.0057	1	1
sp|O75122|CLAP2_HUMAN	sp|O75122|CLAP2_HUMAN CLIP-associating protein 2 OS=Homo sapiens OX=9606 GN=CLASP2 PE=1 SV=3	0.0124	1	1
sp|Q0D2I5|IFFO1_HUMAN	sp|Q0D2I5|IFFO1_HUMAN Non-homologous end joining factor IFFO1 OS=Homo sapiens OX=9606 GN=IFFO1 PE=1 SV=2	0.0358	1	1
sp|Q8N4L1|T151A_HUMAN	sp|Q8N4L1|T151A_HUMAN Transmembrane protein 151A OS=Homo sapiens OX=9606 GN=TMEM151A PE=1 SV=1	0.0363	1	1
sp|Q05397|FAK1_HUMAN	sp|Q05397|FAK1_HUMAN Focal adhesion kinase 1 OS=Homo sapiens OX=9606 GN=PTK2 PE=1 SV=2	0.0143	1	1
sp|Q6V1X1|DPP8_HUMAN	sp|Q6V1X1|DPP8_HUMAN Dipeptidyl peptidase 8 OS=Homo sapiens OX=9606 GN=DPP8 PE=1 SV=1	0.0156	1	1
sp|Q9P2D8|UNC79_HUMAN	sp|Q9P2D8|UNC79_HUMAN Protein unc-79 homolog OS=Homo sapiens OX=9606 GN=UNC79 PE=1 SV=4	0.0061	1	1
sp|Q9NQT8|KI13B_HUMAN	sp|Q9NQT8|KI13B_HUMAN Kinesin-like protein KIF13B OS=Homo sapiens OX=9606 GN=KIF13B PE=1 SV=2	0.0099	1	1
sp|Q14119|VEZF1_HUMAN	sp|Q14119|VEZF1_HUMAN Vascular endothelial zinc finger 1 OS=Homo sapiens OX=9606 GN=VEZF1 PE=1 SV=2	0.0326	1	1
sp|A6NKF2|ARI3C_HUMAN	sp|A6NKF2|ARI3C_HUMAN AT-rich interactive domain-containing protein 3C OS=Homo sapiens OX=9606 GN=ARID3C PE=1 SV=1	0.0364	1	1
sp|P08254|MMP3_HUMAN	sp|P08254|MMP3_HUMAN Stromelysin-1 OS=Homo sapiens OX=9606 GN=MMP3 PE=1 SV=2	0.0356	1	1
sp|Q96MR6|CFA57_HUMAN	sp|Q96MR6|CFA57_HUMAN Cilia- and flagella-associated protein 57 OS=Homo sapiens OX=9606 GN=CFAP57 PE=1 SV=3	0.0120	1	1
sp|Q8TDJ6|DMXL2_HUMAN	sp|Q8TDJ6|DMXL2_HUMAN DmX-like protein 2 OS=Homo sapiens OX=9606 GN=DMXL2 PE=1 SV=2	0.0049	1	1
